time,spatial_ref_mean,blue_mean,red_mean,nir08_mean,swir16_mean,swir22_mean,green_mean,unit_key
2015-07-31,0,2505.0978835978835,2570.8439153439153,4688.21164021164,3190.867724867725,2739.8518518518517,2658.2248677248676,283_BIDWILLII_4_1
2015-08-31,0,2530.431216931217,2597.44708994709,4675.787037037037,3287.9669312169312,2810.791005291005,2685.309523809524,283_BIDWILLII_4_1
2015-09-30,0,2551.128306878307,2641.6666666666665,4736.059523809524,3425.8161375661375,2881.4656084656085,2724.26455026455,283_BIDWILLII_4_1
2015-10-31,0,2564.304232804233,2650.095238095238,4841.246031746032,3480.9074074074074,2924.0185185185187,2741.3888888888887,283_BIDWILLII_4_1
2015-11-30,0,2582.0886243386244,2673.0886243386244,5147.431216931217,3628.3015873015875,2970.440476190476,2785.7513227513227,283_BIDWILLII_4_1
2015-12-31,0,7311.104497354498,7555.638888888889,9108.362433862434,7150.2526455026455,5859.841269841269,7504.219576719577,283_BIDWILLII_4_1
2016-01-31,0,2530.0992063492063,2604.3809523809523,5380.91798941799,3417.8743386243386,2830.3611111111113,2746.8756613756614,283_BIDWILLII_4_1
2016-02-29,0,0.0,0.0,0.0,0.0,0.0,0.0,283_BIDWILLII_4_1
2016-03-31,0,2589.59126984127,2891.69708994709,4439.800264550265,3428.7896825396824,3040.90873015873,2924.5396825396824,283_BIDWILLII_4_1
2016-04-30,0,2526.005291005291,2590.05291005291,4978.751322751323,3321.8333333333335,2801.330687830688,2701.3518518518517,283_BIDWILLII_4_1
2016-05-31,0,2512.112433862434,2585.8928571428573,4722.6838624338625,3231.675925925926,2772.9669312169312,2666.005291005291,283_BIDWILLII_4_1
2016-06-30,0,2505.322751322751,2577.6243386243386,4818.170634920635,3189.6031746031745,2748.1150793650795,2674.309523809524,283_BIDWILLII_4_1
2016-07-31,0,2515.9801587301586,2580.9391534391534,4791.73544973545,3227.972222222222,2770.2843915343915,2675.1031746031745,283_BIDWILLII_4_1
2016-08-31,0,2527.0873015873017,2612.3756613756614,4844.8994708994705,3308.5079365079364,2816.563492063492,2710.9497354497353,283_BIDWILLII_4_1
2016-09-30,0,0.0,0.0,0.0,0.0,0.0,0.0,283_BIDWILLII_4_1
2016-10-31,0,2551.595238095238,2618.9206349206347,5002.026455026455,3416.568783068783,2872.1560846560847,2723.8333333333335,283_BIDWILLII_4_1
2016-11-30,0,2587.2949735449733,2712.55291005291,5042.488095238095,3675.580687830688,3030.6468253968255,2794.830687830688,283_BIDWILLII_4_1
2016-12-31,0,0.0,0.0,0.0,0.0,0.0,0.0,283_BIDWILLII_4_1
2017-01-31,0,2538.232804232804,2597.526455026455,5621.380952380952,3452.4523809523807,2860.822751322751,2744.8253968253966,283_BIDWILLII_4_1
2017-02-28,0,2545.9378306878307,2623.335978835979,5741.013227513227,3451.685185185185,2859.2804232804233,2764.910052910053,283_BIDWILLII_4_1
2017-03-31,0,0.0,0.0,0.0,0.0,0.0,0.0,283_BIDWILLII_4_1
2017-04-30,0,2512.0158730158732,2560.100529100529,5337.693121693122,3203.2751322751324,2736.1084656084654,2676.328042328042,283_BIDWILLII_4_1
2017-05-31,0,2505.5833333333335,2548.728835978836,5110.64417989418,3154.1415343915346,2719.154761904762,2657.9920634920636,283_BIDWILLII_4_1
2017-06-30,0,0.0,0.0,0.0,0.0,0.0,0.0,283_BIDWILLII_4_1
2017-07-31,0,2512.2433862433863,2560.2698412698414,4922.275132275132,3131.8201058201057,2721.3518518518517,2661.9603174603176,283_BIDWILLII_4_1
2017-08-31,0,2522.1798941798943,2588.1481481481483,4771.132275132275,3252.2804232804233,2797.973544973545,2669.5158730158732,283_BIDWILLII_4_1
2017-09-30,0,2541.2063492063494,2632.5925925925926,4779.10582010582,3358.8571428571427,2867.1878306878307,2700.531746031746,283_BIDWILLII_4_1
2017-10-31,0,0.0,0.0,0.0,0.0,0.0,0.0,283_BIDWILLII_4_1
2017-11-30,0,2628.2486772486773,2604.574074074074,5767.219576719577,3609.968253968254,2929.26455026455,2798.989417989418,283_BIDWILLII_4_1
2017-12-31,0,2760.190476190476,3012.931216931217,5989.015873015873,4032.685185185185,3432.1878306878307,3198.2619047619046,283_BIDWILLII_4_1
2018-01-31,0,0.0,0.0,0.0,0.0,0.0,0.0,283_BIDWILLII_4_1
2018-02-28,0,2545.190476190476,2616.89417989418,5232.978835978836,3415.1481481481483,2838.1878306878307,2741.121693121693,283_BIDWILLII_4_1
2018-03-31,0,2526.6150793650795,2580.772486772487,5003.793650793651,3257.6613756613756,2780.4748677248676,2696.5767195767194,283_BIDWILLII_4_1
2018-04-30,0,2517.535714285714,2562.85582010582,5026.723544973545,3252.4880952380954,2763.304232804233,2667.3756613756614,283_BIDWILLII_4_1
2018-05-31,0,2509.505291005291,2555.328042328042,4932.756613756614,3171.5608465608466,2732.4074074074074,2653.404761904762,283_BIDWILLII_4_1
2018-06-30,0,2499.026455026455,2559.2579365079364,4836.521164021164,3156.3492063492063,2721.14417989418,2646.5383597883597,283_BIDWILLII_4_1
2018-07-31,0,2504.8174603174602,2568.259259259259,4776.91798941799,3169.175925925926,2741.0330687830688,2655.3015873015875,283_BIDWILLII_4_1
2018-08-31,0,2533.074074074074,2618.2433862433863,4668.989417989418,3272.5925925925926,2815.171957671958,2694.2698412698414,283_BIDWILLII_4_1
2018-09-30,0,0.0,0.0,0.0,0.0,0.0,0.0,283_BIDWILLII_4_1
2018-10-31,0,2530.354497354497,2628.585978835979,4674.326719576719,3342.7486772486773,2843.1203703703704,2726.203703703704,283_BIDWILLII_4_1
2018-11-30,0,5918.989417989418,6357.5661375661375,7929.619047619048,7363.849206349207,6469.216931216931,6246.976190476191,283_BIDWILLII_4_1
2018-12-31,0,0.0,0.0,0.0,0.0,0.0,0.0,283_BIDWILLII_4_1
2019-01-31,0,0.0,0.0,0.0,0.0,0.0,0.0,283_BIDWILLII_4_1
2019-02-28,0,2558.7195767195767,2679.2804232804233,4738.185185185185,3506.5793650793653,2944.8253968253966,2822.9021164021165,283_BIDWILLII_4_1
2019-03-31,0,2531.4563492063494,2587.322751322751,4574.230158730159,3301.8002645502647,2799.4325396825398,2691.1428571428573,283_BIDWILLII_4_1
2019-04-30,0,0.0,0.0,0.0,0.0,0.0,0.0,283_BIDWILLII_4_1
2019-05-31,0,2511.363756613757,2547.546296296296,4693.548941798942,3198.7341269841268,2746.425925925926,2645.01455026455,283_BIDWILLII_4_1
2019-06-30,0,4166.390211640211,4441.9682539682535,6420.562169312169,4951.165343915344,4309.806878306878,4376.333333333333,283_BIDWILLII_4_1
2019-07-31,0,2511.834656084656,2562.468253968254,4640.578042328042,3178.5873015873017,2741.578042328042,2649.839947089947,283_BIDWILLII_4_1
2019-08-31,0,2533.304232804233,2623.490740740741,4571.588624338624,3315.612433862434,2841.042328042328,2688.291005291005,283_BIDWILLII_4_1
2019-09-30,0,2636.671957671958,2899.4497354497353,4933.338624338624,3844.2751322751324,3221.472222222222,2923.3068783068784,283_BIDWILLII_4_1
2019-10-31,0,2570.308201058201,2698.410052910053,4799.792328042328,3554.8425925925926,2983.8492063492063,2759.1415343915346,283_BIDWILLII_4_1
2019-11-30,0,2609.527777777778,2838.9206349206347,4813.895502645502,3821.654761904762,3153.19708994709,2862.665343915344,283_BIDWILLII_4_1
2019-12-31,0,2585.3253968253966,2747.171957671958,4833.7671957671955,3719.0925925925926,3071.9074074074074,2787.8915343915346,283_BIDWILLII_4_1
2020-01-31,0,0.0,0.0,0.0,0.0,0.0,0.0,283_BIDWILLII_4_1
2020-02-29,0,2578.3293650793653,2669.9206349206347,4950.010582010582,3583.8425925925926,2970.7843915343915,2763.604497354497,283_BIDWILLII_4_1
2020-03-31,0,2543.324074074074,2590.9708994708994,5116.921957671958,3336.09126984127,2813.6243386243386,2713.6150793650795,283_BIDWILLII_4_1
2020-04-30,0,2530.521164021164,2580.4378306878307,4952.6640211640215,3284.1468253968255,2794.600529100529,2686.753968253968,283_BIDWILLII_4_1
2020-05-31,0,2508.8835978835978,2573.846560846561,4817.722222222223,3191.854497354497,2747.7698412698414,2664.362433862434,283_BIDWILLII_4_1
2020-06-30,0,2504.808201058201,2569.5132275132273,4786.867724867725,3182.1732804232806,2744.6428571428573,2658.7063492063494,283_BIDWILLII_4_1
2020-07-31,0,0.0,0.0,0.0,0.0,0.0,0.0,283_BIDWILLII_4_1
2020-08-31,0,2539.798941798942,2625.3174603174602,4694.153439153439,3325.0185185185187,2850.410052910053,2706.584656084656,283_BIDWILLII_4_1
2020-09-30,0,2550.6931216931216,2646.39417989418,4813.0026455026455,3443.328042328042,2898.645502645503,2739.0714285714284,283_BIDWILLII_4_1
2020-10-31,0,0.0,0.0,0.0,0.0,0.0,0.0,283_BIDWILLII_4_1
2020-11-30,0,2583.7433862433863,2706.9814814814813,5020.661375661376,3668.26455026455,3015.285714285714,2805.4338624338625,283_BIDWILLII_4_1
2020-12-31,0,2573.671957671958,2706.5185185185187,4870.994708994709,3648.740740740741,3000.6243386243386,2787.0449735449733,283_BIDWILLII_4_1
2021-01-31,0,0.0,0.0,0.0,0.0,0.0,0.0,283_BIDWILLII_4_1
2021-02-28,0,2562.9814814814813,2636.6402116402114,5020.669312169312,3507.8121693121693,2916.4656084656085,2746.1243386243386,283_BIDWILLII_4_1
2021-03-31,0,0.0,0.0,0.0,0.0,0.0,0.0,283_BIDWILLII_4_1
2021-04-30,0,2516.1507936507937,2562.521164021164,4829.525132275132,3237.8915343915346,2767.387566137566,2662.5515873015875,283_BIDWILLII_4_1
2021-05-31,0,2491.8386243386244,2543.240740740741,4600.597883597884,3044.568783068783,2671.4973544973545,2621.600529100529,283_BIDWILLII_4_1
2021-06-30,0,2506.0013227513227,2558.228835978836,4974.158730158731,3145.6203703703704,2720.3293650793653,2647.6335978835978,283_BIDWILLII_4_1
2021-07-31,0,2520.564814814815,2572.3531746031745,4980.26455026455,3203.703703703704,2762.3796296296296,2661.7658730158732,283_BIDWILLII_4_1
2021-08-31,0,2519.339947089947,2579.796296296296,4937.205026455026,3241.6097883597886,2773.4603174603176,2670.6481481481483,283_BIDWILLII_4_1
2021-09-30,0,780.8174603174604,1757.0833333333333,3308.1468253968255,3331.239417989418,3084.453703703704,1660.8796296296296,283_BIDWILLII_4_1
2021-10-31,0,2535.458994708995,2630.1111111111113,4831.833333333333,3347.978835978836,2846.3121693121693,2709.1825396825398,283_BIDWILLII_4_1
2021-11-30,0,2811.425925925926,3547.925925925926,5652.440476190476,4945.728835978836,4193.830687830688,3525.686507936508,283_BIDWILLII_4_1
2021-12-31,0,2954.0158730158732,3382.526455026455,6299.227513227514,4552.574074074074,3971.936507936508,3514.415343915344,283_BIDWILLII_4_1
2022-01-31,0,0.0,0.0,0.0,0.0,0.0,0.0,283_BIDWILLII_4_1
2022-02-28,0,3706.0502645502647,3900.7063492063494,6924.775132275132,4591.653439153439,3809.3439153439153,4059.0343915343915,283_BIDWILLII_4_1
2022-03-31,0,0.0,0.0,0.0,0.0,0.0,0.0,283_BIDWILLII_4_1
2022-04-30,0,2507.9338624338625,2552.7579365079364,5134.089947089947,3158.681216931217,2712.787037037037,2663.1613756613756,283_BIDWILLII_4_1
2022-05-31,0,0.0,0.0,0.0,0.0,0.0,0.0,283_BIDWILLII_4_1
2022-06-30,0,0.0,0.0,0.0,0.0,0.0,0.0,283_BIDWILLII_4_1
2022-07-31,0,0.0,0.0,0.0,0.0,0.0,0.0,283_BIDWILLII_4_1
2022-08-31,0,0.0,0.0,0.0,0.0,0.0,0.0,283_BIDWILLII_4_1
2022-09-30,0,2525.037037037037,2592.572751322751,5108.589947089947,3235.9603174603176,2770.6203703703704,2695.5079365079364,283_BIDWILLII_4_1
2022-11-30,0,2548.5873015873017,2650.701058201058,5607.206349206349,3518.4338624338625,2937.8518518518517,2804.809523809524,283_BIDWILLII_4_1
2022-12-31,0,2502.6296296296296,2616.468253968254,4178.075396825397,3096.4973544973545,2771.0978835978835,2700.9298941798943,283_BIDWILLII_4_1
2023-01-31,0,0.0,0.0,0.0,0.0,0.0,0.0,283_BIDWILLII_4_1
2023-02-28,0,2533.6349206349205,2613.121693121693,5056.421957671958,3284.0767195767194,2802.042328042328,2727.6164021164022,283_BIDWILLII_4_1
2023-03-31,0,2540.0925925925926,2606.246031746032,5183.611111111111,3310.457671957672,2803.727513227513,2729.957671957672,283_BIDWILLII_4_1
2023-04-30,0,2509.345238095238,2573.5978835978835,4940.369047619048,3176.037037037037,2737.371693121693,2672.458994708995,283_BIDWILLII_4_1
2023-05-31,0,2492.2195767195767,2553.887566137566,4886.527777777777,3090.887566137566,2694.145502645503,2652.346560846561,283_BIDWILLII_4_1
2023-06-30,0,2494.281746031746,2559.703703703704,4940.25,3124.4113756613756,2707.6626984126983,2654.6891534391534,283_BIDWILLII_4_1
2023-07-31,0,7084.861111111111,6601.416666666667,7598.6005291005295,4236.4537037037035,3520.277777777778,6773.2817460317465,283_BIDWILLII_4_1
2023-08-31,0,2513.5396825396824,2597.3201058201057,4792.851851851852,3226.1190476190477,2776.791005291005,2685.0873015873017,283_BIDWILLII_4_1
2023-09-30,0,3786.7804232804233,4690.973544973545,6846.8359788359785,6428.2037037037035,6111.034391534392,4410.854497354498,283_BIDWILLII_4_1
2023-10-31,0,2564.636243386243,2736.3531746031745,4898.170634920635,3566.8174603174602,2966.4060846560847,2801.489417989418,283_BIDWILLII_4_1
2023-11-30,0,2573.6984126984125,2724.964285714286,4909.141534391534,3596.3809523809523,3000.4669312169312,2786.041005291005,283_BIDWILLII_4_1
2023-12-31,0,0.0,0.0,0.0,0.0,0.0,0.0,283_BIDWILLII_4_1
2024-01-31,0,0.0,0.0,0.0,0.0,0.0,0.0,283_BIDWILLII_4_1
2024-02-29,0,2530.228835978836,2578.7738095238096,5301.830687830688,3263.5,2767.9563492063494,2706.1164021164022,283_BIDWILLII_4_1
2024-03-31,0,0.0,0.0,0.0,0.0,0.0,0.0,283_BIDWILLII_4_1
2024-04-30,0,0.0,0.0,0.0,0.0,0.0,0.0,283_BIDWILLII_4_1
2024-05-31,0,2501.2169312169312,2539.4391534391534,5035.861111111111,3067.2738095238096,2683.9920634920636,2637.4431216931216,283_BIDWILLII_4_1
2024-06-30,0,2489.1825396825398,2532.3756613756614,5058.322751322751,3042.3915343915346,2671.5,2625.589947089947,283_BIDWILLII_4_1
2024-07-31,0,2499.335978835979,2546.8333333333335,5018.814814814815,3068.5,2684.613756613757,2632.6481481481483,283_BIDWILLII_4_1
2024-08-31,0,2506.8121693121693,2567.5013227513227,4988.293650793651,3157.5476190476193,2723.5873015873017,2668.830687830688,283_BIDWILLII_4_1
2024-09-30,0,2533.308201058201,2619.3267195767194,4894.091269841269,3292.259259259259,2818.0621693121693,2711.5251322751324,283_BIDWILLII_4_1
2024-10-31,0,2559.1613756613756,2642.510582010582,5022.976190476191,3438.835978835979,2891.0079365079364,2743.5820105820108,283_BIDWILLII_4_1
2024-11-30,0,0.0,0.0,0.0,0.0,0.0,0.0,283_BIDWILLII_4_1
2024-12-31,0,0.0,0.0,0.0,0.0,0.0,0.0,283_BIDWILLII_4_1
2025-01-31,0,2537.4126984126983,2649.7949735449733,5425.768518518518,3420.132275132275,2936.839947089947,2826.1150793650795,283_BIDWILLII_4_1
2025-02-28,0,0.0,0.0,0.0,0.0,0.0,0.0,283_BIDWILLII_4_1
2025-03-31,0,4298.23544973545,5030.537037037037,7321.4047619047615,5945.05291005291,5218.351851851852,4889.481481481482,283_BIDWILLII_4_1
2025-04-30,0,2779.113756613757,3032.2751322751324,5498.260582010582,3956.4232804232806,3516.98544973545,3109.208994708995,283_BIDWILLII_4_1
2025-05-31,0,2493.313492063492,2534.191798941799,4945.287037037037,3055.755291005291,2667.2050264550267,2632.503968253968,283_BIDWILLII_4_1
2015-07-31,0,3487.5,3563.5444444444443,6366.355555555556,4297.644444444444,3753.9,3679.3555555555554,283_BIDWILLII_4_3
2015-08-31,0,3518.038888888889,3587.4333333333334,6400.127777777778,4408.022222222222,3826.3888888888887,3705.572222222222,283_BIDWILLII_4_3
2015-09-30,0,3538.427777777778,3640.9944444444445,6545.788888888889,4592.116666666667,3912.222222222222,3760.538888888889,283_BIDWILLII_4_3
2015-10-31,0,3550.311111111111,3649.1111111111113,6652.877777777778,4638.422222222222,3950.6222222222223,3777.311111111111,283_BIDWILLII_4_3
2015-11-30,0,3579.1111111111113,3686.5055555555555,6977.666666666667,4854.927777777778,4034.5222222222224,3832.0222222222224,283_BIDWILLII_4_3
2015-12-31,0,5812.3388888888885,6260.0055555555555,9550.805555555555,7092.844444444445,5999.038888888889,6393.083333333333,283_BIDWILLII_4_3
2016-01-31,0,3528.9,3624.483333333333,7357.0,4701.283333333334,3924.0222222222224,3807.016666666667,283_BIDWILLII_4_3
2016-02-29,0,0.0,0.0,0.0,0.0,0.0,0.0,283_BIDWILLII_4_3
2016-03-31,0,3631.011111111111,4046.9666666666667,6558.427777777778,4839.538888888889,4263.688888888889,4106.361111111111,283_BIDWILLII_4_3
2016-04-30,0,3478.3555555555554,3551.322222222222,6357.988888888889,4290.544444444445,3759.1666666666665,3693.1555555555556,283_BIDWILLII_4_3
2016-05-31,0,3502.4166666666665,3579.65,6575.0,4371.183333333333,3796.3722222222223,3699.461111111111,283_BIDWILLII_4_3
2016-06-30,0,3489.927777777778,3577.761111111111,6667.138888888889,4333.461111111111,3775.011111111111,3706.461111111111,283_BIDWILLII_4_3
2016-07-31,0,3497.761111111111,3579.5222222222224,6675.0055555555555,4381.022222222222,3800.733333333333,3706.5666666666666,283_BIDWILLII_4_3
2016-08-31,0,3516.9555555555557,3616.5,6795.155555555555,4483.211111111111,3856.4777777777776,3757.9555555555557,283_BIDWILLII_4_3
2016-09-30,0,0.0,0.0,0.0,0.0,0.0,0.0,283_BIDWILLII_4_3
2016-10-31,0,3556.5,3624.4666666666667,6953.422222222222,4631.577777777778,3931.7444444444445,3773.5777777777776,283_BIDWILLII_4_3
2016-11-30,0,3583.616666666667,3716.9444444444443,7025.383333333333,4894.522222222222,4074.483333333333,3854.383333333333,283_BIDWILLII_4_3
2016-12-31,0,0.0,0.0,0.0,0.0,0.0,0.0,283_BIDWILLII_4_3
2017-01-31,0,3539.311111111111,3604.9333333333334,7575.322222222222,4660.311111111111,3919.8888888888887,3797.8555555555554,283_BIDWILLII_4_3
2017-02-28,0,3790.0666666666666,4113.322222222222,8372.416666666666,5469.672222222222,4548.0055555555555,4262.577777777778,283_BIDWILLII_4_3
2017-03-31,0,0.0,0.0,0.0,0.0,0.0,0.0,283_BIDWILLII_4_3
2017-04-30,0,3514.9666666666667,3557.366666666667,7170.266666666666,4337.733333333334,3765.8333333333335,3708.1222222222223,283_BIDWILLII_4_3
2017-05-31,0,3492.8166666666666,3542.5555555555557,6875.761111111111,4274.0888888888885,3743.65,3682.7277777777776,283_BIDWILLII_4_3
2017-06-30,0,0.0,0.0,0.0,0.0,0.0,0.0,283_BIDWILLII_4_3
2017-07-31,0,3496.9777777777776,3556.788888888889,6665.0888888888885,4267.633333333333,3752.3444444444444,3681.9222222222224,283_BIDWILLII_4_3
2017-08-31,0,3510.9777777777776,3575.9444444444443,6554.177777777778,4390.155555555555,3823.0222222222224,3689.7444444444445,283_BIDWILLII_4_3
2017-09-30,0,3543.3777777777777,3625.488888888889,6594.922222222222,4515.7,3897.188888888889,3733.0555555555557,283_BIDWILLII_4_3
2017-10-31,0,0.0,0.0,0.0,0.0,0.0,0.0,283_BIDWILLII_4_3
2017-11-30,0,3632.0222222222224,3589.7444444444445,7598.9111111111115,4761.711111111111,3962.4555555555557,3827.8888888888887,283_BIDWILLII_4_3
2017-12-31,0,3793.4555555555557,4118.355555555556,8160.622222222222,5415.3,4677.844444444445,4403.111111111111,283_BIDWILLII_4_3
2018-01-31,0,0.0,0.0,0.0,0.0,0.0,0.0,283_BIDWILLII_4_3
2018-02-28,0,3540.188888888889,3632.311111111111,7174.877777777778,4613.988888888889,3891.4444444444443,3792.8333333333335,283_BIDWILLII_4_3
2018-03-31,0,3537.266666666667,3577.5777777777776,7077.933333333333,4476.3,3838.7555555555555,3739.8722222222223,283_BIDWILLII_4_3
2018-04-30,0,3505.4,3560.8,6914.2444444444445,4408.677777777778,3799.2722222222224,3698.0,283_BIDWILLII_4_3
2018-05-31,0,3500.5333333333333,3551.5444444444443,6820.855555555556,4312.066666666667,3763.688888888889,3677.1666666666665,283_BIDWILLII_4_3
2018-06-30,0,3479.3722222222223,3554.3944444444446,6703.111111111111,4285.027777777777,3741.538888888889,3669.777777777778,283_BIDWILLII_4_3
2018-07-31,0,3495.6666666666665,3565.322222222222,6650.372222222222,4308.705555555555,3769.3888888888887,3682.9777777777776,283_BIDWILLII_4_3
2018-08-31,0,3519.5777777777776,3621.811111111111,6571.044444444445,4424.7555555555555,3845.3444444444444,3732.4444444444443,283_BIDWILLII_4_3
2018-09-30,0,0.0,0.0,0.0,0.0,0.0,0.0,283_BIDWILLII_4_3
2018-10-31,0,3548.5333333333333,3658.866666666667,6850.044444444445,4629.5888888888885,3933.561111111111,3806.338888888889,283_BIDWILLII_4_3
2018-11-30,0,2685.2,3167.9222222222224,4602.644444444444,3954.9333333333334,3717.5333333333333,3264.911111111111,283_BIDWILLII_4_3
2018-12-31,0,0.0,0.0,0.0,0.0,0.0,0.0,283_BIDWILLII_4_3
2019-01-31,0,0.0,0.0,0.0,0.0,0.0,0.0,283_BIDWILLII_4_3
2019-02-28,0,3526.866666666667,3635.1555555555556,5972.933333333333,4382.566666666667,3882.3333333333335,3851.5333333333333,283_BIDWILLII_4_3
2019-03-31,0,3523.311111111111,3587.6388888888887,6514.1,4474.033333333334,3836.2166666666667,3736.6,283_BIDWILLII_4_3
2019-04-30,0,0.0,0.0,0.0,0.0,0.0,0.0,283_BIDWILLII_4_3
2019-05-31,0,3500.5777777777776,3543.6444444444446,6526.222222222223,4336.172222222222,3777.188888888889,3673.383333333333,283_BIDWILLII_4_3
2019-06-30,0,6423.511111111111,6852.888888888889,9462.41111111111,7312.061111111111,6342.344444444445,6753.122222222222,283_BIDWILLII_4_3
2019-07-31,0,3499.8055555555557,3559.6833333333334,6462.594444444445,4308.7444444444445,3767.116666666667,3675.7277777777776,283_BIDWILLII_4_3
2019-08-31,0,3523.3,3627.4333333333334,6438.7555555555555,4474.644444444444,3878.188888888889,3725.288888888889,283_BIDWILLII_4_3
2019-09-30,0,3661.7944444444443,4075.488888888889,7049.722222222223,5357.211111111111,4521.516666666666,4111.122222222222,283_BIDWILLII_4_3
2019-10-31,0,3378.1444444444446,3833.038888888889,5659.133333333333,4780.483333333334,4296.716666666666,3854.35,283_BIDWILLII_4_3
2019-11-30,0,3613.4666666666667,3866.2055555555557,6802.188888888889,5084.722222222223,4233.1,3940.4944444444445,283_BIDWILLII_4_3
2019-12-31,0,3586.5333333333333,3754.3777777777777,6863.922222222222,4939.9,4128.377777777778,3855.0777777777776,283_BIDWILLII_4_3
2020-01-31,0,0.0,0.0,0.0,0.0,0.0,0.0,283_BIDWILLII_4_3
2020-02-29,0,3571.088888888889,3672.0833333333335,7007.644444444444,4773.7,3998.661111111111,3821.3777777777777,283_BIDWILLII_4_3
2020-03-31,0,3535.1055555555554,3589.7555555555555,7088.372222222222,4507.438888888889,3850.6944444444443,3760.0444444444443,283_BIDWILLII_4_3
2020-04-30,0,3517.211111111111,3579.038888888889,6873.116666666667,4443.288888888889,3827.1722222222224,3727.072222222222,283_BIDWILLII_4_3
2020-05-31,0,3486.9777777777776,3569.633333333333,6654.377777777778,4325.077777777778,3770.588888888889,3690.0222222222224,283_BIDWILLII_4_3
2020-06-30,0,3489.1,3562.233333333333,6586.205555555555,4303.6,3761.016666666667,3682.988888888889,283_BIDWILLII_4_3
2020-07-31,0,0.0,0.0,0.0,0.0,0.0,0.0,283_BIDWILLII_4_3
2020-08-31,0,3531.5222222222224,3625.822222222222,6567.844444444445,4482.688888888889,3881.088888888889,3745.3,283_BIDWILLII_4_3
2020-09-30,0,3415.5444444444443,3454.133333333333,4332.511111111111,3702.288888888889,3526.2,3525.3444444444444,283_BIDWILLII_4_3
2020-10-31,0,0.0,0.0,0.0,0.0,0.0,0.0,283_BIDWILLII_4_3
2020-11-30,0,3577.9555555555557,3725.233333333333,7013.933333333333,4894.9111111111115,4067.0,3881.5777777777776,283_BIDWILLII_4_3
2020-12-31,0,3559.777777777778,3759.088888888889,6975.277777777777,4976.044444444445,4111.977777777778,3888.277777777778,283_BIDWILLII_4_3
2021-01-31,0,0.0,0.0,0.0,0.0,0.0,0.0,283_BIDWILLII_4_3
2021-02-28,0,3568.088888888889,3620.788888888889,6952.555555555556,4651.933333333333,3927.5444444444443,3781.188888888889,283_BIDWILLII_4_3
2021-03-31,0,0.0,0.0,0.0,0.0,0.0,0.0,283_BIDWILLII_4_3
2021-04-30,0,3504.9222222222224,3563.266666666667,6753.488888888889,4405.727777777778,3807.5666666666666,3697.6111111111113,283_BIDWILLII_4_3
2021-05-31,0,3510.5666666666666,3579.988888888889,7127.066666666667,4392.566666666667,3809.177777777778,3707.511111111111,283_BIDWILLII_4_3
2021-06-30,0,3500.322222222222,3557.9666666666667,6855.4,4277.15,3748.616666666667,3674.4944444444445,283_BIDWILLII_4_3
2021-07-31,0,3514.811111111111,3573.6444444444446,6896.233333333334,4349.044444444445,3796.472222222222,3694.6,283_BIDWILLII_4_3
2021-08-31,0,3505.8611111111113,3573.8888888888887,6878.7444444444445,4390.633333333333,3801.0833333333335,3699.983333333333,283_BIDWILLII_4_3
2021-10-31,0,3525.3944444444446,3631.35,6830.9944444444445,4545.477777777778,3892.088888888889,3754.3777777777777,283_BIDWILLII_4_3
2021-11-30,0,3579.9555555555557,3662.6111111111113,7470.0,4822.6611111111115,4005.3444444444444,3853.75,283_BIDWILLII_4_3
2021-12-31,0,3722.633333333333,3969.488888888889,8330.988888888889,5269.788888888889,4438.477777777778,4198.6,283_BIDWILLII_4_3
2022-01-31,0,0.0,0.0,0.0,0.0,0.0,0.0,283_BIDWILLII_4_3
2022-02-28,0,3670.722222222222,3896.5333333333333,8720.0,5264.166666666667,4409.166666666667,4177.522222222222,283_BIDWILLII_4_3
2022-03-31,0,0.0,0.0,0.0,0.0,0.0,0.0,283_BIDWILLII_4_3
2022-04-30,0,3490.15,3549.1388888888887,7039.194444444444,4311.083333333333,3748.5222222222224,3697.588888888889,283_BIDWILLII_4_3
2022-05-31,0,0.0,0.0,0.0,0.0,0.0,0.0,283_BIDWILLII_4_3
2022-06-30,0,0.0,0.0,0.0,0.0,0.0,0.0,283_BIDWILLII_4_3
2022-07-31,0,0.0,0.0,0.0,0.0,0.0,0.0,283_BIDWILLII_4_3
2022-08-31,0,0.0,0.0,0.0,0.0,0.0,0.0,283_BIDWILLII_4_3
2022-09-30,0,3516.3277777777776,3592.8555555555554,7029.172222222222,4398.0055555555555,3807.5055555555555,3729.588888888889,283_BIDWILLII_4_3
2022-11-30,0,3525.5444444444443,3607.211111111111,7516.011111111111,4562.477777777778,3878.211111111111,3815.3888888888887,283_BIDWILLII_4_3
2022-12-31,0,3459.0,3553.938888888889,6295.138888888889,4096.277777777777,3656.811111111111,3695.322222222222,283_BIDWILLII_4_3
2023-01-31,0,0.0,0.0,0.0,0.0,0.0,0.0,283_BIDWILLII_4_3
2023-02-28,0,3788.0555555555557,4107.544444444445,7907.722222222223,5290.361111111111,4450.294444444445,4237.655555555555,283_BIDWILLII_4_3
2023-03-31,0,3524.311111111111,3591.188888888889,7200.655555555555,4473.111111111111,3818.277777777778,3769.722222222222,283_BIDWILLII_4_3
2023-04-30,0,3499.961111111111,3578.1555555555556,6862.461111111111,4334.188888888889,3775.7722222222224,3715.8166666666666,283_BIDWILLII_4_3
2023-05-31,0,3479.0833333333335,3554.011111111111,6763.527777777777,4233.544444444445,3726.2277777777776,3686.5333333333333,283_BIDWILLII_4_3
2023-06-30,0,3480.061111111111,3559.8944444444446,6817.061111111111,4258.9111111111115,3734.6944444444443,3687.761111111111,283_BIDWILLII_4_3
2023-08-31,0,3507.0222222222224,3598.722222222222,6696.077777777778,4379.922222222222,3808.1111111111113,3727.1444444444446,283_BIDWILLII_4_3
2023-09-30,0,4022.988888888889,5776.666666666667,8757.388888888889,8314.144444444444,7691.966666666666,5481.977777777778,283_BIDWILLII_4_3
2023-10-31,0,3556.338888888889,3735.472222222222,6842.055555555556,4773.272222222222,4010.927777777778,3859.5055555555555,283_BIDWILLII_4_3
2023-11-30,0,3565.277777777778,3713.3166666666666,6853.6611111111115,4792.605555555556,4035.972222222222,3834.3944444444446,283_BIDWILLII_4_3
2023-12-31,0,0.0,0.0,0.0,0.0,0.0,0.0,283_BIDWILLII_4_3
2024-01-31,0,0.0,0.0,0.0,0.0,0.0,0.0,283_BIDWILLII_4_3
2024-02-29,0,3520.1,3580.5055555555555,7295.238888888889,4437.477777777778,3803.427777777778,3756.1833333333334,283_BIDWILLII_4_3
2024-03-31,0,0.0,0.0,0.0,0.0,0.0,0.0,283_BIDWILLII_4_3
2024-04-30,0,0.0,0.0,0.0,0.0,0.0,0.0,283_BIDWILLII_4_3
2024-05-31,0,3488.3166666666666,3536.527777777778,6941.5,4194.072222222222,3713.0555555555557,3666.061111111111,283_BIDWILLII_4_3
2024-06-30,0,3467.4444444444443,3519.3777777777777,6954.155555555555,4151.022222222222,3693.233333333333,3638.788888888889,283_BIDWILLII_4_3
2024-07-31,0,3490.2444444444445,3543.411111111111,6942.577777777778,4200.8,3714.511111111111,3655.411111111111,283_BIDWILLII_4_3
2024-08-31,0,3491.383333333333,3568.8722222222223,6945.611111111111,4313.933333333333,3761.366666666667,3703.061111111111,283_BIDWILLII_4_3
2024-09-30,0,3529.116666666667,3629.972222222222,6965.861111111111,4492.427777777778,3865.483333333333,3766.6055555555554,283_BIDWILLII_4_3
2024-10-31,0,3556.633333333333,3644.8555555555554,7055.211111111111,4633.866666666667,3930.0333333333333,3797.2,283_BIDWILLII_4_3
2024-11-30,0,0.0,0.0,0.0,0.0,0.0,0.0,283_BIDWILLII_4_3
2024-12-31,0,0.0,0.0,0.0,0.0,0.0,0.0,283_BIDWILLII_4_3
2025-02-28,0,0.0,0.0,0.0,0.0,0.0,0.0,283_BIDWILLII_4_3
2025-04-30,0,3464.016666666667,3548.6722222222224,6175.1,4159.483333333334,3747.738888888889,3673.988888888889,283_BIDWILLII_4_3
2025-05-31,0,3481.238888888889,3529.938888888889,6748.727777777778,4177.822222222222,3692.8888888888887,3656.411111111111,283_BIDWILLII_4_3
2015-07-31,0,2502.721729490022,2556.319290465632,4374.221729490022,3058.5665188470066,2691.3747228381376,2635.2161862527714,283_BIDWILLII_4_1
2015-08-31,0,2522.9434589800444,2578.8458980044347,4421.089246119734,3151.8126385809314,2753.390243902439,2658.7366962305987,283_BIDWILLII_4_1
2015-09-30,0,2542.518292682927,2619.0753880266075,4541.475609756098,3291.981707317073,2820.7050997782703,2698.4340354767182,283_BIDWILLII_4_1
2015-10-31,0,2555.7627494456765,2628.4423503325943,4652.9844789356985,3344.890243902439,2858.8048780487807,2713.113082039911,283_BIDWILLII_4_1
2015-11-30,0,2575.4722838137473,2653.7322616407982,4998.476164079822,3506.5548780487807,2915.899667405765,2761.6424611973393,283_BIDWILLII_4_1
2015-12-31,0,5250.362527716186,5406.079822616408,7404.110310421286,5636.029933481153,4737.44955654102,5456.896895787139,283_BIDWILLII_4_1
2016-01-31,0,2533.2245011086475,2605.39689578714,5127.5554323725055,3356.9562084257204,2818.980598669623,2728.5044345898004,283_BIDWILLII_4_1
2016-02-29,0,0.0,0.0,0.0,0.0,0.0,0.0,283_BIDWILLII_4_1
2016-03-31,0,2579.3741685144123,2837.7156319290466,4255.435698447894,3324.2067627494457,2970.1441241685143,2875.0005543237253,283_BIDWILLII_4_1
2016-04-30,0,2522.6164079822615,2578.0753880266075,4606.024390243902,3192.59977827051,2760.9046563192906,2677.4057649667407,283_BIDWILLII_4_1
2016-05-31,0,2511.339246119734,2572.6252771618624,4412.6319290465635,3110.9124168514413,2726.6014412416853,2646.766075388027,283_BIDWILLII_4_1
2016-06-30,0,2502.6740576496672,2564.84977827051,4437.381374722838,3064.8985587583147,2703.560421286031,2648.070953436807,283_BIDWILLII_4_1
2016-07-31,0,2508.182926829268,2567.350332594235,4457.842572062084,3109.009423503326,2725.909645232816,2650.0958980044347,283_BIDWILLII_4_1
2016-08-31,0,2543.758314855876,2637.39689578714,4647.054323725056,3288.310421286031,2856.20399113082,2725.39689578714,283_BIDWILLII_4_1
2016-09-30,0,0.0,0.0,0.0,0.0,0.0,0.0,283_BIDWILLII_4_1
2016-10-31,0,2550.9434589800444,2604.859201773836,4794.668514412417,3309.518847006652,2828.669623059867,2702.7195121951218,283_BIDWILLII_4_1
2016-11-30,0,2582.9235033259424,2689.75,4912.872505543237,3560.0914634146343,2973.6662971175165,2773.721729490022,283_BIDWILLII_4_1
2016-12-31,0,0.0,0.0,0.0,0.0,0.0,0.0,283_BIDWILLII_4_1
2017-01-31,0,2533.6984478935697,2592.5576496674057,5409.304878048781,3349.5931263858092,2826.9645232815965,2725.7849223946787,283_BIDWILLII_4_1
2017-02-28,0,2509.5016629711754,2571.5742793791574,4662.39800443459,3086.7333702882484,2709.620288248337,2674.136917960089,283_BIDWILLII_4_1
2017-03-31,0,0.0,0.0,0.0,0.0,0.0,0.0,283_BIDWILLII_4_1
2017-04-30,0,2508.048780487805,2548.2084257206207,5004.567627494457,3084.9667405764967,2696.180709534368,2653.1485587583147,283_BIDWILLII_4_1
2017-05-31,0,2500.6347006651886,2537.0726164079824,4772.6319290465635,3029.207871396896,2674.4135254988914,2633.380266075388,283_BIDWILLII_4_1
2017-06-30,0,0.0,0.0,0.0,0.0,0.0,0.0,283_BIDWILLII_4_1
2017-07-31,0,2506.756097560976,2547.052106430155,4590.220620842572,3004.6840354767182,2672.3237250554325,2634.7272727272725,283_BIDWILLII_4_1
2017-08-31,0,2517.9235033259424,2567.3647450110866,4563.386917960089,3118.9268292682927,2738.3359201773837,2644.8647450110866,283_BIDWILLII_4_1
2017-09-30,0,2537.7195121951218,2606.2627494456765,4617.881374722838,3218.789356984479,2798.2616407982264,2676.4356984478936,283_BIDWILLII_4_1
2017-10-31,0,0.0,0.0,0.0,0.0,0.0,0.0,283_BIDWILLII_4_1
2017-11-30,0,2782.7705099778273,2828.4855875831486,5881.258314855876,3804.143015521064,3189.1175166297116,2986.2605321507763,283_BIDWILLII_4_1
2017-12-31,0,2771.411308203991,2916.879157427938,5927.067627494457,3887.2727272727275,3393.5831485587582,3160.1541019955653,283_BIDWILLII_4_1
2018-01-31,0,0.0,0.0,0.0,0.0,0.0,0.0,283_BIDWILLII_4_1
2018-02-28,0,2537.941241685144,2607.6241685144123,5044.460088691796,3301.2915742793793,2796.619733924612,2717.7538802660756,283_BIDWILLII_4_1
2018-03-31,0,2526.899667405765,2562.018847006652,4947.878048780488,3168.1546563192906,2738.9334811529934,2674.4833702882484,283_BIDWILLII_4_1
2018-04-30,0,2516.560421286031,2552.4761640798224,4812.978381374723,3130.027161862528,2717.65133037694,2649.0831485587582,283_BIDWILLII_4_1
2018-05-31,0,2505.808203991131,2545.0,4660.645232815965,3046.7549889135257,2686.9223946784923,2631.917960088692,283_BIDWILLII_4_1
2018-06-30,0,2492.2366962305987,2544.190687361419,4549.890798226164,3022.947893569845,2671.0476718403547,2622.7095343680708,283_BIDWILLII_4_1
2018-07-31,0,2499.217849223947,2552.451219512195,4492.167405764967,3035.1125277161864,2688.256097560976,2629.90022172949,283_BIDWILLII_4_1
2018-08-31,0,2523.3237250554325,2592.257206208426,4483.859201773836,3132.6840354767182,2750.420177383592,2666.59866962306,283_BIDWILLII_4_1
2018-09-30,0,0.0,0.0,0.0,0.0,0.0,0.0,283_BIDWILLII_4_1
2018-10-31,0,2602.8985587583147,2770.167960088692,4941.057649667406,3522.3431263858092,3014.512195121951,2859.722838137472,283_BIDWILLII_4_1
2018-11-30,0,2642.5166297117516,2808.1851441241683,4343.817073170731,3420.4124168514413,3069.052106430155,2903.3237250554325,283_BIDWILLII_4_1
2018-12-31,0,0.0,0.0,0.0,0.0,0.0,0.0,283_BIDWILLII_4_1
2019-01-31,0,0.0,0.0,0.0,0.0,0.0,0.0,283_BIDWILLII_4_1
2019-02-28,0,2563.7184035476716,2687.2461197339244,4840.2228381374725,3510.0532150776053,2958.521064301552,2834.521064301552,283_BIDWILLII_4_1
2019-03-31,0,2523.9052106430154,2569.0033259423503,4442.782150776054,3170.0637472283815,2743.3564301552105,2669.54822616408,283_BIDWILLII_4_1
2019-04-30,0,0.0,0.0,0.0,0.0,0.0,0.0,283_BIDWILLII_4_1
2019-05-31,0,2503.055986696231,2534.2937915742796,4443.259423503326,3063.828713968958,2693.871951219512,2621.732815964523,283_BIDWILLII_4_1
2019-06-30,0,5012.417960088692,5210.970066518847,6811.485587583148,5266.695121951219,4509.355875831486,5146.835365853659,283_BIDWILLII_4_1
2019-07-31,0,2504.559866962306,2543.8015521064303,4372.952882483371,3032.3148558758317,2682.3264966740576,2622.9761640798224,283_BIDWILLII_4_1
2019-08-31,0,2522.4783813747226,2598.6773835920176,4407.4246119733925,3171.1457871396897,2774.620288248337,2662.450110864745,283_BIDWILLII_4_1
2019-09-30,0,2524.5637472283815,2622.6435698447895,4230.854767184035,3177.2627494456765,2787.6053215077604,2681.5354767184035,283_BIDWILLII_4_1
2019-10-31,0,2519.598115299335,2603.1746119733925,4125.315410199557,3144.1657427937917,2772.139135254989,2661.1762749445675,283_BIDWILLII_4_1
2019-11-30,0,2594.7777161862527,2787.79822616408,4782.461751662971,3663.60088691796,3056.85199556541,2828.4883592017736,283_BIDWILLII_4_1
2019-12-31,0,2572.876940133038,2706.4645232815965,4816.259423503326,3560.769401330377,2982.060975609756,2763.991130820399,283_BIDWILLII_4_1
2020-01-31,0,0.0,0.0,0.0,0.0,0.0,0.0,283_BIDWILLII_4_1
2020-02-29,0,2633.5304878048782,2858.2461197339244,4907.30155210643,3740.3614190687363,3226.7716186252774,2920.181818181818,283_BIDWILLII_4_1
2020-03-31,0,2533.9855875831486,2572.8353658536585,4910.70177383592,3203.6136363636365,2757.509423503326,2687.3264966740576,283_BIDWILLII_4_1
2020-04-30,0,2522.1862527716185,2564.237804878049,4722.545454545455,3151.039356984479,2737.160753880266,2661.9745011086475,283_BIDWILLII_4_1
2020-05-31,0,2503.0166297117516,2556.907982261641,4530.212860310421,3051.89800443459,2691.6042128603103,2639.1485587583147,283_BIDWILLII_4_1
2020-06-30,0,2500.055986696231,2550.5631929046563,4484.761640798226,3031.9384700665187,2681.289356984479,2632.120288248337,283_BIDWILLII_4_1
2020-07-31,0,0.0,0.0,0.0,0.0,0.0,0.0,283_BIDWILLII_4_1
2020-08-31,0,2526.2804878048782,2595.850332594235,4519.090909090909,3168.4146341463415,2769.669623059867,2677.0365853658536,283_BIDWILLII_4_1
2020-09-30,0,2520.447893569845,2580.919068736142,4291.640798226164,3120.4368070953437,2742.460088691796,2667.2649667405767,283_BIDWILLII_4_1
2020-10-31,0,0.0,0.0,0.0,0.0,0.0,0.0,283_BIDWILLII_4_1
2020-11-30,0,2575.870288248337,2682.930155210643,4967.09977827051,3536.192904656319,2940.268292682927,2785.759423503326,283_BIDWILLII_4_1
2020-12-31,0,2564.978935698448,2682.7749445676277,4861.645232815965,3545.20399113082,2945.7505543237253,2771.6164079822615,283_BIDWILLII_4_1
2021-01-31,0,0.0,0.0,0.0,0.0,0.0,0.0,283_BIDWILLII_4_1
2021-02-28,0,2701.879157427938,2960.0576496674057,5241.216186252772,3963.278270509978,3366.277161862528,3045.2749445676277,283_BIDWILLII_4_1
2021-03-31,0,0.0,0.0,0.0,0.0,0.0,0.0,283_BIDWILLII_4_1
2021-04-30,0,2509.6164079822615,2550.4068736141908,4523.29379157428,3118.305986696231,2721.1158536585367,2640.221175166297,283_BIDWILLII_4_1
2021-05-31,0,2496.8713968957873,2545.849223946785,4518.9390243902435,3015.420177383592,2671.419068736142,2623.052106430155,283_BIDWILLII_4_1
2021-06-30,0,2497.3115299334813,2542.822062084257,4585.858093126386,3015.6984478935697,2671.2256097560976,2620.620842572062,283_BIDWILLII_4_1
2021-07-31,0,2507.243902439024,2554.1735033259424,4630.199002217295,3068.8614190687363,2707.606984478936,2631.8514412416853,283_BIDWILLII_4_1
2021-08-31,0,2511.481707317073,2561.3652993348114,4657.10088691796,3110.772172949002,2715.9356984478936,2645.302106430155,283_BIDWILLII_4_1
2021-09-30,0,1764.649667405765,2194.3686252771618,3185.4445676274945,2698.694013303769,2563.0138580931266,2206.94955654102,283_BIDWILLII_4_1
2021-10-31,0,2526.541019955654,2601.451219512195,4681.665188470067,3219.9961197339244,2781.470620842572,2682.80044345898,283_BIDWILLII_4_1
2021-11-30,0,2476.257206208426,2590.519401330377,4673.073170731707,3292.3835920177385,2846.5964523281596,2697.4761640798224,283_BIDWILLII_4_1
2021-12-31,0,3095.6851441241683,3716.758314855876,6011.494456762749,4707.794900221729,4234.90243902439,3785.866962305987,283_BIDWILLII_4_1
2022-01-31,0,0.0,0.0,0.0,0.0,0.0,0.0,283_BIDWILLII_4_1
2022-02-28,0,2973.4745011086475,3243.490022172949,6202.184035476718,4112.59866962306,3534.4235033259424,3394.6884700665187,283_BIDWILLII_4_1
2022-03-31,0,0.0,0.0,0.0,0.0,0.0,0.0,283_BIDWILLII_4_1
2022-04-30,0,2503.019401330377,2544.9340354767182,4890.044345898004,3060.9656319290466,2678.40022172949,2647.679600886918,283_BIDWILLII_4_1
2022-05-31,0,0.0,0.0,0.0,0.0,0.0,0.0,283_BIDWILLII_4_1
2022-06-30,0,0.0,0.0,0.0,0.0,0.0,0.0,283_BIDWILLII_4_1
2022-07-31,0,0.0,0.0,0.0,0.0,0.0,0.0,283_BIDWILLII_4_1
2022-08-31,0,0.0,0.0,0.0,0.0,0.0,0.0,283_BIDWILLII_4_1
2022-09-30,0,2520.3636363636365,2577.191796008869,4888.067627494457,3127.6485587583147,2724.1685144124167,2675.590909090909,283_BIDWILLII_4_1
2022-11-30,0,2545.5044345898004,2621.2605321507763,5398.685144124169,3367.350332594235,2858.9445676274945,2771.240576496674,283_BIDWILLII_4_1
2022-12-31,0,2486.4844789356985,2539.138026607539,4002.3841463414633,2866.2522172949,2618.0016629711754,2626.720620842572,283_BIDWILLII_4_1
2023-01-31,0,0.0,0.0,0.0,0.0,0.0,0.0,283_BIDWILLII_4_1
2023-02-28,0,2608.636917960089,2818.3652993348114,5358.0753880266075,3629.167960088692,3135.3652993348114,2930.5376940133037,283_BIDWILLII_4_1
2023-03-31,0,2564.7461197339244,2673.731707317073,5056.59977827051,3328.869179600887,2890.012195121951,2784.3558758314857,283_BIDWILLII_4_1
2023-04-30,0,2505.039911308204,2560.181818181818,4710.930709534368,3066.8514412416853,2695.8758314855877,2653.3259423503328,283_BIDWILLII_4_1
2023-05-31,0,2491.9961197339244,2543.320399113082,4611.258314855876,2990.30044345898,2660.0437915742796,2633.70177383592,283_BIDWILLII_4_1
2023-06-30,0,2490.741130820399,2543.079822616408,4610.108093126386,2995.788802660754,2659.0814855875833,2629.8625277161864,283_BIDWILLII_4_1
2023-07-31,0,6407.588137472284,6002.39800443459,6967.875831485588,3769.7533259423503,3205.4262749445675,6153.795454545455,283_BIDWILLII_4_1
2023-08-31,0,2512.7172949002215,2587.9634146341464,4603.228381374723,3129.671840354767,2741.5875831485587,2672.3126385809314,283_BIDWILLII_4_1
2023-09-30,0,4958.59423503326,5327.0354767184035,7361.682926829269,6411.157427937916,6144.565410199557,5108.652993348115,283_BIDWILLII_4_1
2023-10-31,0,2552.1036585365855,2677.480598669623,4796.827050997783,3404.237804878049,2882.939578713969,2763.1225055432374,283_BIDWILLII_4_1
2023-11-30,0,2561.213968957871,2678.70066518847,4844.455654101996,3445.5443458980044,2912.391906873614,2757.89689578714,283_BIDWILLII_4_1
2023-12-31,0,0.0,0.0,0.0,0.0,0.0,0.0,283_BIDWILLII_4_1
2024-01-31,0,0.0,0.0,0.0,0.0,0.0,0.0,283_BIDWILLII_4_1
2024-02-29,0,2523.0776053215077,2566.4966740576497,5127.2522172949,3153.8835920177385,2722.7245011086475,2689.461751662971,283_BIDWILLII_4_1
2024-03-31,0,0.0,0.0,0.0,0.0,0.0,0.0,283_BIDWILLII_4_1
2024-04-30,0,0.0,0.0,0.0,0.0,0.0,0.0,283_BIDWILLII_4_1
2024-05-31,0,2495.4783813747226,2529.9672949002215,4708.496674057649,2960.4783813747226,2646.210643015521,2617.369733924612,283_BIDWILLII_4_1
2024-06-30,0,2487.988913525499,2522.9955654101996,4689.59201773836,2929.4822616407982,2630.8558758314857,2607.2084257206207,283_BIDWILLII_4_1
2024-07-31,0,2496.9733924611974,2535.589800443459,4674.29933481153,2952.866962305987,2642.3137472283815,2612.1175166297116,283_BIDWILLII_4_1
2024-08-31,0,2504.8686252771618,2558.2272727272725,4735.016075388026,3046.119733924612,2686.032150776053,2649.7949002217297,283_BIDWILLII_4_1
2024-09-30,0,2519.7544345898004,2587.29822616408,4629.557095343681,3125.3126385809314,2739.369733924612,2677.7383592017736,283_BIDWILLII_4_1
2024-10-31,0,2551.319290465632,2626.0,4925.155210643015,3325.348115299335,2837.511086474501,2727.258314855876,283_BIDWILLII_4_1
2024-11-30,0,0.0,0.0,0.0,0.0,0.0,0.0,283_BIDWILLII_4_1
2024-12-31,0,0.0,0.0,0.0,0.0,0.0,0.0,283_BIDWILLII_4_1
2025-01-31,0,5528.454545454545,5688.4445676274945,7712.736141906874,5737.0,4755.397450110865,5778.177383592018,283_BIDWILLII_4_1
2025-02-28,0,0.0,0.0,0.0,0.0,0.0,0.0,283_BIDWILLII_4_1
2025-03-31,0,3249.2361419068734,4224.548780487805,6508.881374722838,5273.085365853659,4690.436807095343,4238.253880266076,283_BIDWILLII_4_1
2025-04-30,0,2537.532150776053,2629.967849223947,4725.562638580931,3204.5925720620844,2849.380820399113,2721.6058758314857,283_BIDWILLII_4_1
2025-05-31,0,2489.169623059867,2524.3431263858092,4614.218403547672,2952.008869179601,2632.9484478935697,2613.3442350332593,283_BIDWILLII_4_1
2015-07-31,0,4140.0123456790125,4224.851851851852,7365.469135802469,5023.555555555556,4433.123456790124,4355.691358024691,283_BIDWILLII_4_2
2015-08-31,0,4176.598765432099,4250.666666666667,7468.913580246914,5154.740740740741,4511.962962962963,4392.753086419753,283_BIDWILLII_4_2
2015-09-30,0,4196.3456790123455,4307.759259259259,7681.0123456790125,5370.956790123457,4608.530864197531,4454.851851851852,283_BIDWILLII_4_2
2015-10-31,0,4211.197530864198,4321.098765432099,7801.938271604939,5426.395061728395,4654.83950617284,4476.111111111111,283_BIDWILLII_4_2
2015-11-30,0,4249.432098765432,4378.740740740741,8204.654320987655,5713.425925925926,4772.308641975309,4547.83950617284,283_BIDWILLII_4_2
2016-01-31,0,4203.876543209876,4323.518518518518,8597.04938271605,5599.858024691358,4685.197530864198,4528.179012345679,283_BIDWILLII_4_2
2016-02-29,0,0.0,0.0,0.0,0.0,0.0,0.0,283_BIDWILLII_4_2
2016-03-31,0,4303.537037037037,4790.617283950617,7763.123456790124,5708.222222222223,5048.141975308642,4865.444444444444,283_BIDWILLII_4_2
2016-04-30,0,4339.148148148148,4519.691358024691,8583.703703703704,5762.283950617284,5072.222222222223,4666.641975308642,283_BIDWILLII_4_2
2016-05-31,0,4161.685185185185,4247.672839506173,7654.006172839506,5119.691358024691,4484.9876543209875,4388.351851851852,283_BIDWILLII_4_2
2016-06-30,0,4147.364197530864,4244.598765432099,7745.598765432099,5074.697530864198,4461.962962962963,4392.358024691358,283_BIDWILLII_4_2
2016-07-31,0,4156.320987654321,4244.2037037037035,7797.320987654321,5129.956790123457,4488.586419753086,4394.0123456790125,283_BIDWILLII_4_2
2016-08-31,0,4177.901234567901,4292.62962962963,8005.555555555556,5270.592592592592,4563.728395061728,4460.518518518518,283_BIDWILLII_4_2
2016-09-30,0,0.0,0.0,0.0,0.0,0.0,0.0,283_BIDWILLII_4_2
2016-10-31,0,4227.0123456790125,4300.0123456790125,8201.814814814816,5443.432098765432,4652.851851851852,4476.259259259259,283_BIDWILLII_4_2
2016-11-30,0,4251.055555555556,4400.919753086419,8345.376543209877,5737.265432098766,4801.808641975309,4569.166666666667,283_BIDWILLII_4_2
2016-12-31,0,0.0,0.0,0.0,0.0,0.0,0.0,283_BIDWILLII_4_2
2017-01-31,0,4209.086419753086,4295.135802469136,8922.061728395061,5510.506172839506,4656.197530864198,4515.827160493827,283_BIDWILLII_4_2
2017-02-28,0,4552.253086419753,5064.753086419753,9980.895061728395,6669.913580246914,5579.635802469136,5191.6543209876545,283_BIDWILLII_4_2
2017-03-31,0,0.0,0.0,0.0,0.0,0.0,0.0,283_BIDWILLII_4_2
2017-04-30,0,4173.074074074074,4225.938271604939,8294.925925925925,5106.456790123457,4468.16049382716,4397.37037037037,283_BIDWILLII_4_2
2017-05-31,0,4153.722222222223,4210.3456790123455,7923.0,5027.327160493827,4438.932098765432,4364.1543209876545,283_BIDWILLII_4_2
2017-06-30,0,0.0,0.0,0.0,0.0,0.0,0.0,283_BIDWILLII_4_2
2017-07-31,0,4165.876543209876,4228.888888888889,7699.691358024691,5020.20987654321,4451.024691358025,4363.086419753086,283_BIDWILLII_4_2
2017-08-31,0,4177.111111111111,4243.888888888889,7661.83950617284,5158.333333333333,4527.456790123457,4374.37037037037,283_BIDWILLII_4_2
2017-09-30,0,4201.234567901234,4292.950617283951,7696.777777777777,5304.185185185185,4608.0123456790125,4420.024691358025,283_BIDWILLII_4_2
2017-10-31,0,0.0,0.0,0.0,0.0,0.0,0.0,283_BIDWILLII_4_2
2017-11-30,0,4339.493827160494,4280.592592592592,9164.888888888889,5721.814814814815,4750.814814814815,4566.938271604939,283_BIDWILLII_4_2
2017-12-31,0,4490.802469135802,4792.111111111111,9485.222222222223,6332.444444444444,5518.074074074074,5165.506172839506,283_BIDWILLII_4_2
2018-01-31,0,0.0,0.0,0.0,0.0,0.0,0.0,283_BIDWILLII_4_2
2018-02-28,0,4206.283950617284,4321.493827160494,8421.469135802468,5451.901234567901,4624.691358024691,4504.283950617284,283_BIDWILLII_4_2
2018-03-31,0,4211.469135802469,4257.080246913581,8211.395061728395,5282.111111111111,4560.376543209876,4437.87037037037,283_BIDWILLII_4_2
2018-04-30,0,4166.9876543209875,4234.932098765432,8049.481481481482,5203.37037037037,4513.265432098766,4391.79012345679,283_BIDWILLII_4_2
2018-05-31,0,4161.234567901234,4218.407407407408,7875.864197530864,5059.827160493827,4454.901234567901,4359.9876543209875,283_BIDWILLII_4_2
2018-06-30,0,4137.635802469136,4219.611111111111,7750.37037037037,5031.092592592592,4431.074074074074,4350.814814814815,283_BIDWILLII_4_2
2018-07-31,0,4146.580246913581,4228.037037037037,7694.493827160494,5056.166666666667,4460.092592592592,4358.061728395061,283_BIDWILLII_4_2
2018-08-31,0,4187.641975308642,4297.506172839506,7633.851851851852,5198.049382716049,4549.148148148148,4425.753086419753,283_BIDWILLII_4_2
2018-09-30,0,0.0,0.0,0.0,0.0,0.0,0.0,283_BIDWILLII_4_2
2018-10-31,0,4216.364197530864,4344.191358024691,8033.530864197531,5468.919753086419,4668.364197530864,4517.4876543209875,283_BIDWILLII_4_2
2018-11-30,0,3746.4444444444443,4037.2345679012346,6496.382716049383,4939.802469135802,4470.148148148148,4190.493827160494,283_BIDWILLII_4_2
2018-12-31,0,0.0,0.0,0.0,0.0,0.0,0.0,283_BIDWILLII_4_2
2019-01-31,0,0.0,0.0,0.0,0.0,0.0,0.0,283_BIDWILLII_4_2
2019-02-28,0,4283.333333333333,4424.271604938272,7680.234567901234,5464.037037037037,4710.456790123457,4680.814814814815,283_BIDWILLII_4_2
2019-03-31,0,4190.2962962962965,4258.716049382716,7633.185185185185,5253.888888888889,4536.388888888889,4437.320987654321,283_BIDWILLII_4_2
2019-04-30,0,0.0,0.0,0.0,0.0,0.0,0.0,283_BIDWILLII_4_2
2019-05-31,0,4155.543209876543,4208.086419753086,7569.364197530864,5074.524691358025,4460.808641975309,4353.148148148148,283_BIDWILLII_4_2
2019-07-31,0,4158.83950617284,4218.932098765432,7489.049382716049,5037.413580246914,4444.172839506173,4353.166666666667,283_BIDWILLII_4_2
2019-08-31,0,4181.771604938272,4294.969135802469,7493.555555555556,5235.450617283951,4570.962962962963,4409.265432098766,283_BIDWILLII_4_2
2019-09-30,0,4301.777777777777,4593.037037037037,7991.62962962963,5895.617283950617,5004.734567901234,4680.388888888889,283_BIDWILLII_4_2
2019-10-31,0,4058.0555555555557,5647.611111111111,8055.413580246914,7681.098765432099,6847.808641975309,5539.191358024691,283_BIDWILLII_4_2
2019-11-30,0,4297.172839506173,4577.728395061728,8018.191358024691,5971.746913580247,4994.981481481482,4675.87037037037,283_BIDWILLII_4_2
2019-12-31,0,4262.864197530864,4442.111111111111,8109.518518518518,5789.358024691358,4852.259259259259,4575.555555555556,283_BIDWILLII_4_2
2020-01-31,0,0.0,0.0,0.0,0.0,0.0,0.0,283_BIDWILLII_4_2
2020-02-29,0,4248.5123456790125,4347.981481481482,8250.364197530864,5609.549382716049,4720.6543209876545,4531.623456790124,283_BIDWILLII_4_2
2020-03-31,0,4198.308641975309,4259.518518518518,8259.567901234568,5286.62962962963,4550.469135802469,4456.6543209876545,283_BIDWILLII_4_2
2020-04-30,0,4176.648148148148,4245.067901234568,7972.407407407408,5197.820987654321,4517.240740740741,4416.777777777777,283_BIDWILLII_4_2
2020-05-31,0,4137.666666666667,4227.320987654321,7647.123456790124,5044.518518518518,4447.9876543209875,4365.259259259259,283_BIDWILLII_4_2
2020-06-30,0,4141.265432098766,4221.524691358025,7561.475308641975,5016.12962962963,4431.697530864198,4358.827160493827,283_BIDWILLII_4_2
2020-07-31,0,0.0,0.0,0.0,0.0,0.0,0.0,283_BIDWILLII_4_2
2020-08-31,0,4177.740740740741,4291.358024691358,7607.074074074074,5228.135802469136,4562.407407407408,4425.246913580247,283_BIDWILLII_4_2
2020-09-30,0,4156.6543209876545,4237.432098765432,6922.864197530864,4985.765432098766,4440.802469135802,4381.234567901234,283_BIDWILLII_4_2
2020-10-31,0,0.0,0.0,0.0,0.0,0.0,0.0,283_BIDWILLII_4_2
2020-11-30,0,4253.802469135802,4416.3456790123455,8242.222222222223,5745.580246913581,4798.395061728395,4603.037037037037,283_BIDWILLII_4_2
2020-12-31,0,4209.83950617284,4423.975308641975,8179.938271604939,5821.222222222223,4830.740740740741,4588.518518518518,283_BIDWILLII_4_2
2021-01-31,0,0.0,0.0,0.0,0.0,0.0,0.0,283_BIDWILLII_4_2
2021-02-28,0,4245.0,4300.876543209876,8191.074074074074,5475.283950617284,4647.62962962963,4493.765432098766,283_BIDWILLII_4_2
2021-03-31,0,0.0,0.0,0.0,0.0,0.0,0.0,283_BIDWILLII_4_2
2021-04-30,0,4156.506172839506,4228.574074074074,7825.049382716049,5167.944444444444,4503.259259259259,4382.524691358025,283_BIDWILLII_4_2
2021-05-31,0,4171.913580246914,4249.580246913581,8187.62962962963,5136.259259259259,4500.62962962963,4389.913580246914,283_BIDWILLII_4_2
2021-06-30,0,4154.913580246914,4220.598765432099,7885.783950617284,4998.493827160494,4424.425925925926,4348.481481481482,283_BIDWILLII_4_2
2021-07-31,0,4168.0,4235.086419753086,7966.271604938272,5087.080246913581,4481.944444444444,4366.586419753086,283_BIDWILLII_4_2
2021-08-31,0,4157.055555555556,4238.092592592592,7999.518518518518,5144.191358024691,4489.555555555556,4379.302469135802,283_BIDWILLII_4_2
2021-10-31,0,4192.993827160494,4304.722222222223,8033.7037037037035,5338.944444444444,4599.66049382716,4453.148148148148,283_BIDWILLII_4_2
2021-11-30,0,4246.66049382716,4350.993827160494,8847.746913580248,5685.932098765432,4744.185185185185,4578.913580246914,283_BIDWILLII_4_2
2022-01-31,0,0.0,0.0,0.0,0.0,0.0,0.0,283_BIDWILLII_4_2
2022-02-28,0,4203.543209876543,4334.83950617284,9817.456790123457,5705.432098765432,4762.938271604939,4636.962962962963,283_BIDWILLII_4_2
2022-03-31,0,0.0,0.0,0.0,0.0,0.0,0.0,283_BIDWILLII_4_2
2022-04-30,0,4157.7037037037035,4218.814814814815,8114.2962962962965,5066.66049382716,4437.604938271605,4388.259259259259,283_BIDWILLII_4_2
2022-05-31,0,0.0,0.0,0.0,0.0,0.0,0.0,283_BIDWILLII_4_2
2022-06-30,0,0.0,0.0,0.0,0.0,0.0,0.0,283_BIDWILLII_4_2
2022-07-31,0,0.0,0.0,0.0,0.0,0.0,0.0,283_BIDWILLII_4_2
2022-08-31,0,0.0,0.0,0.0,0.0,0.0,0.0,283_BIDWILLII_4_2
2022-09-30,0,4180.925925925926,4270.876543209876,8135.043209876543,5179.462962962963,4516.802469135802,4425.827160493827,283_BIDWILLII_4_2
2022-11-30,0,4185.3456790123455,4283.3456790123455,8754.493827160493,5392.888888888889,4608.407407407408,4519.456790123457,283_BIDWILLII_4_2
2022-12-31,0,4128.0,4267.098765432099,7748.444444444444,5005.728395061728,4411.222222222223,4445.635802469136,283_BIDWILLII_4_2
2023-01-31,0,0.0,0.0,0.0,0.0,0.0,0.0,283_BIDWILLII_4_2
2023-02-28,0,4202.216049382716,4363.5123456790125,8513.345679012345,5411.148148148148,4661.617283950617,4560.172839506173,283_BIDWILLII_4_2
2023-03-31,0,4185.049382716049,4285.679012345679,8446.25925925926,5301.246913580247,4562.9876543209875,4493.320987654321,283_BIDWILLII_4_2
2023-04-30,0,4148.592592592592,4240.83950617284,7959.9876543209875,5070.277777777777,4459.308641975309,4396.962962962963,283_BIDWILLII_4_2
2023-05-31,0,4128.635802469136,4214.876543209876,7792.37037037037,4952.802469135802,4404.259259259259,4360.580246913581,283_BIDWILLII_4_2
2023-06-30,0,4133.722222222223,4217.574074074074,7852.061728395061,4974.240740740741,4408.20987654321,4361.388888888889,283_BIDWILLII_4_2
2023-08-31,0,4155.592592592592,4258.074074074074,7764.851851851852,5114.111111111111,4490.061728395061,4405.185185185185,283_BIDWILLII_4_2
2023-10-31,0,4226.598765432099,4390.62962962963,7999.925925925926,5572.907407407408,4724.0123456790125,4551.376543209876,283_BIDWILLII_4_2
2023-11-30,0,4238.401234567901,4410.333333333333,8074.283950617284,5631.783950617284,4765.648148148148,4554.648148148148,283_BIDWILLII_4_2
2023-12-31,0,0.0,0.0,0.0,0.0,0.0,0.0,283_BIDWILLII_4_2
2024-01-31,0,0.0,0.0,0.0,0.0,0.0,0.0,283_BIDWILLII_4_2
2024-02-29,0,4176.6543209876545,4253.246913580247,8465.716049382716,5219.240740740741,4510.401234567901,4451.604938271605,283_BIDWILLII_4_2
2024-03-31,0,0.0,0.0,0.0,0.0,0.0,0.0,283_BIDWILLII_4_2
2024-04-30,0,0.0,0.0,0.0,0.0,0.0,0.0,283_BIDWILLII_4_2
2024-05-31,0,4149.148148148148,4201.62962962963,7981.314814814815,4923.475308641975,4392.66049382716,4344.567901234568,283_BIDWILLII_4_2
2024-06-30,0,4123.777777777777,4180.641975308642,7968.320987654321,4864.037037037037,4367.592592592592,4314.728395061728,283_BIDWILLII_4_2
2024-07-31,0,4136.666666666667,4203.197530864198,7994.827160493827,4915.271604938272,4391.79012345679,4328.62962962963,283_BIDWILLII_4_2
2024-08-31,0,4145.135802469136,4233.635802469136,8057.895061728395,5055.135802469136,4447.006172839506,4385.586419753086,283_BIDWILLII_4_2
2024-09-30,0,4188.080246913581,4304.123456790124,8155.901234567901,5277.592592592592,4570.8456790123455,4464.765432098766,283_BIDWILLII_4_2
2024-10-31,0,4218.135802469136,4325.283950617284,8317.79012345679,5465.83950617284,4657.259259259259,4503.098765432099,283_BIDWILLII_4_2
2024-11-30,0,0.0,0.0,0.0,0.0,0.0,0.0,283_BIDWILLII_4_2
2024-12-31,0,0.0,0.0,0.0,0.0,0.0,0.0,283_BIDWILLII_4_2
2025-02-28,0,0.0,0.0,0.0,0.0,0.0,0.0,283_BIDWILLII_4_2
2025-04-30,0,4101.580246913581,4182.518518518518,6584.16049382716,4727.2962962962965,4345.351851851852,4310.253086419753,283_BIDWILLII_4_2
2025-05-31,0,4138.820987654321,4189.2037037037035,7734.401234567901,4892.111111111111,4368.117283950617,4331.401234567901,283_BIDWILLII_4_2
