time,unit_key,value
2016-06-30,283_BIDWILLII_4_1,0.100564606974135
2016-07-31,283_BIDWILLII_4_1,0.09963078705643638
2016-08-31,283_BIDWILLII_4_1,0.09956804904271832
2016-09-30,283_BIDWILLII_4_1,0.0
2016-10-31,283_BIDWILLII_4_1,0.10411438783666307
2016-11-30,283_BIDWILLII_4_1,0.10011472894407851
2016-12-31,283_BIDWILLII_4_1,0.0
2017-01-31,283_BIDWILLII_4_1,0.12248165061051591
2017-02-28,283_BIDWILLII_4_1,0.12410902084486516
2017-03-31,283_BIDWILLII_4_1,0.0
2017-04-30,283_BIDWILLII_4_1,0.11686929147538959
2017-05-31,283_BIDWILLII_4_1,0.1110799008775983
2017-06-30,283_BIDWILLII_4_1,0.0
2017-07-31,283_BIDWILLII_4_1,0.10482913778015027
2017-08-31,283_BIDWILLII_4_1,0.09862656737770985
2017-09-30,283_BIDWILLII_4_1,0.09635298069638157
2017-10-31,283_BIDWILLII_4_1,0.0
2017-11-30,283_BIDWILLII_4_1,0.1258375590527155
2017-12-31,283_BIDWILLII_4_1,0.110831133967398
2018-01-31,283_BIDWILLII_4_1,0.0
2018-02-28,283_BIDWILLII_4_1,0.11098139641503353
2018-03-31,283_BIDWILLII_4_1,0.10489519372447233
2018-04-30,283_BIDWILLII_4_1,0.10795246748156394
2018-05-31,283_BIDWILLII_4_1,0.1055093663233982
2018-06-30,283_BIDWILLII_4_1,0.10227258734438256
2018-07-31,283_BIDWILLII_4_1,0.09988126667212009
2018-08-31,283_BIDWILLII_4_1,0.09357692353844572
2018-09-30,283_BIDWILLII_4_1,0.0
2018-10-31,283_BIDWILLII_4_1,0.0927954652507065
2018-11-30,283_BIDWILLII_4_1,0.04287231424919349
2018-12-31,283_BIDWILLII_4_1,0.0
2019-01-31,283_BIDWILLII_4_1,0.0
2019-02-28,283_BIDWILLII_4_1,0.09227667254243492
2019-03-31,283_BIDWILLII_4_1,0.09228819029777388
2019-04-30,283_BIDWILLII_4_1,0.0
2019-05-31,283_BIDWILLII_4_1,0.0984522815485847
2019-06-30,283_BIDWILLII_4_1,0.06451869030416828
2019-07-31,283_BIDWILLII_4_1,0.09581790281377678
2019-08-31,283_BIDWILLII_4_1,0.09004204586839473
2019-09-30,283_BIDWILLII_4_1,0.0868221719355289
2019-10-31,283_BIDWILLII_4_1,0.09328657773236214
2019-11-30,283_BIDWILLII_4_1,0.08603078414969795
2019-12-31,283_BIDWILLII_4_1,0.09176106066337945
2020-01-31,283_BIDWILLII_4_1,0.0
2020-02-29,283_BIDWILLII_4_1,0.09968825116868342
2020-03-31,283_BIDWILLII_4_1,0.10907495343843107
2020-04-30,283_BIDWILLII_4_1,0.10473708446698707
2020-05-31,283_BIDWILLII_4_1,0.10082279251452446
2020-06-30,283_BIDWILLII_4_1,0.10008542347726675
2020-07-31,283_BIDWILLII_4_1,0.0
2020-08-31,283_BIDWILLII_4_1,0.09403441972308617
2020-09-30,283_BIDWILLII_4_1,0.09631702191747207
2020-10-31,283_BIDWILLII_4_1,0.0
2020-11-30,283_BIDWILLII_4_1,0.09976472259342514
2020-12-31,283_BIDWILLII_4_1,0.09506570965626113
2021-01-31,283_BIDWILLII_4_1,0.0
2021-02-28,283_BIDWILLII_4_1,0.1037061734415827
2021-03-31,283_BIDWILLII_4_1,0.0
2021-04-30,283_BIDWILLII_4_1,0.1019338015134387
2021-05-31,283_BIDWILLII_4_1,0.09565233440496564
2021-06-30,283_BIDWILLII_4_1,0.10644944043147181
2021-07-31,283_BIDWILLII_4_1,0.10590229827837958
2021-08-31,283_BIDWILLII_4_1,0.10426855150903214
2021-09-30,283_BIDWILLII_4_1,0.12894243596505442
2021-10-31,283_BIDWILLII_4_1,0.09821400790276165
2021-11-30,283_BIDWILLII_4_1,0.07547418470585951
2021-12-31,283_BIDWILLII_4_1,0.10233192302377009
2022-01-31,283_BIDWILLII_4_1,0.0
2022-02-28,283_BIDWILLII_4_1,0.10573385832230774
2022-03-31,283_BIDWILLII_4_1,0.0
2022-04-30,283_BIDWILLII_4_1,0.1116343396065334
2022-05-31,283_BIDWILLII_4_1,0.0
2022-06-30,283_BIDWILLII_4_1,0.0
2022-07-31,283_BIDWILLII_4_1,0.0
2022-08-31,283_BIDWILLII_4_1,0.0
2022-09-30,283_BIDWILLII_4_1,0.10867710521937146
2022-10-31,283_BIDWILLII_4_1,-0.0017828631059287146
2022-11-30,283_BIDWILLII_4_1,0.1192793216303043
2022-12-31,283_BIDWILLII_4_1,0.07640950331943236
2023-01-31,283_BIDWILLII_4_1,0.0
2023-02-28,283_BIDWILLII_4_1,0.10593485722323286
2023-03-31,283_BIDWILLII_4_1,0.11014073951245128
2023-04-30,283_BIDWILLII_4_1,0.1047054017034104
2023-05-31,283_BIDWILLII_4_1,0.10411469351935244
2023-06-30,283_BIDWILLII_4_1,0.1053853296350953
2023-07-31,283_BIDWILLII_4_1,0.02341874272156919
2023-08-31,283_BIDWILLII_4_1,0.09879401589741926
2023-09-30,283_BIDWILLII_4_1,0.06466298820298451
2023-10-31,283_BIDWILLII_4_1,0.09436071383904916
2023-11-30,283_BIDWILLII_4_1,0.0953602330900681
2023-12-31,283_BIDWILLII_4_1,0.0
2024-01-31,283_BIDWILLII_4_1,0.0
2024-02-29,283_BIDWILLII_4_1,0.11496339881759576
2024-03-31,283_BIDWILLII_4_1,0.0
2024-04-30,283_BIDWILLII_4_1,0.0
2024-05-31,283_BIDWILLII_4_1,0.10935540691817142
2024-06-30,283_BIDWILLII_4_1,0.11036543557280573
2024-07-31,283_BIDWILLII_4_1,0.1084351083216935
2024-08-31,283_BIDWILLII_4_1,0.10647346967722547
2024-09-30,283_BIDWILLII_4_1,0.10074913507596521
2024-10-31,283_BIDWILLII_4_1,0.10343308464627808
2024-11-30,283_BIDWILLII_4_1,0.0
2024-12-31,283_BIDWILLII_4_1,0.0
2025-01-31,283_BIDWILLII_4_1,0.11208468975858465
2025-02-28,283_BIDWILLII_4_1,0.0
2025-03-31,283_BIDWILLII_4_1,0.06251111747372447
2025-04-30,283_BIDWILLII_4_1,0.09848807800369541
2025-05-31,283_BIDWILLII_4_1,0.10698296340848656
2016-06-30,283_BIDWILLII_4_3,0.1403618494214654
2016-07-31,283_BIDWILLII_4_3,0.14061140116805831
2016-08-31,283_BIDWILLII_4_3,0.14232299082195385
2016-09-30,283_BIDWILLII_4_3,0.0
2016-10-31,283_BIDWILLII_4_3,0.14678884603378026
2016-11-30,283_BIDWILLII_4_3,0.1437108633685467
2016-12-31,283_BIDWILLII_4_3,0.0
2017-01-31,283_BIDWILLII_4_3,0.1655951199281113
2017-02-28,283_BIDWILLII_4_3,0.16020156811535663
2017-03-31,283_BIDWILLII_4_3,0.0
2017-04-30,283_BIDWILLII_4_3,0.15683581338673153
2017-05-31,283_BIDWILLII_4_3,0.14890829114251683
2017-06-30,283_BIDWILLII_4_3,0.0
2017-07-31,283_BIDWILLII_4_3,0.14154857206783691
2017-08-31,283_BIDWILLII_4_3,0.1370583169041536
2017-09-30,283_BIDWILLII_4_3,0.13548402413542218
2017-10-31,283_BIDWILLII_4_3,0.0
2017-11-30,283_BIDWILLII_4_3,0.1665545734508223
2017-12-31,283_BIDWILLII_4_3,0.15362389439437088
2018-01-31,283_BIDWILLII_4_3,0.0
2018-02-28,283_BIDWILLII_4_3,0.1528758067761795
2018-03-31,283_BIDWILLII_4_3,0.15315441963951662
2018-04-30,283_BIDWILLII_4_3,0.14922566049937666
2018-05-31,283_BIDWILLII_4_3,0.14679158942819567
2018-06-30,283_BIDWILLII_4_3,0.142962065820138
2018-07-31,283_BIDWILLII_4_3,0.14067001720231165
2018-08-31,283_BIDWILLII_4_3,0.13490668381121856
2018-09-30,283_BIDWILLII_4_3,0.0
2018-10-31,283_BIDWILLII_4_3,0.14166328599394643
2018-11-30,283_BIDWILLII_4_3,0.08506961086558892
2018-12-31,283_BIDWILLII_4_3,0.0
2019-01-31,283_BIDWILLII_4_3,0.0
2019-02-28,283_BIDWILLII_4_3,0.11292269065185406
2019-03-31,283_BIDWILLII_4_3,0.13508134304780334
2019-04-30,283_BIDWILLII_4_3,0.0
2019-05-31,283_BIDWILLII_4_3,0.1379126625411075
2019-06-30,283_BIDWILLII_4_3,0.08041613529144648
2019-07-31,283_BIDWILLII_4_3,0.1348587826345476
2019-08-31,283_BIDWILLII_4_3,0.1301996407369259
2019-09-30,283_BIDWILLII_4_3,0.1254909914690187
2019-10-31,283_BIDWILLII_4_3,0.08626539788972461
2019-11-30,283_BIDWILLII_4_3,0.12844992000675484
2019-12-31,283_BIDWILLII_4_3,0.13668848001168524
2020-01-31,283_BIDWILLII_4_3,0.0
2020-02-29,283_BIDWILLII_4_3,0.14572749847552066
2020-03-31,283_BIDWILLII_4_3,0.1527152186618563
2020-04-30,283_BIDWILLII_4_3,0.14684958184102206
2020-05-31,283_BIDWILLII_4_3,0.14044098316570883
2020-06-30,283_BIDWILLII_4_3,0.13870811152331924
2020-07-31,283_BIDWILLII_4_3,0.0
2020-08-31,283_BIDWILLII_4_3,0.13451752726227495
2020-09-30,283_BIDWILLII_4_3,0.0520555525168444
2020-10-31,283_BIDWILLII_4_3,0.0
2020-11-30,283_BIDWILLII_4_3,0.14286004765976412
2020-12-31,283_BIDWILLII_4_3,0.1398437844190069
2021-01-31,283_BIDWILLII_4_3,0.0
2021-02-28,283_BIDWILLII_4_3,0.14694886760321071
2021-03-31,283_BIDWILLII_4_3,0.0
2021-04-30,283_BIDWILLII_4_3,0.14402917206127389
2021-05-31,283_BIDWILLII_4_3,0.15421800022170606
2021-06-30,283_BIDWILLII_4_3,0.1473544569376639
2021-07-31,283_BIDWILLII_4_3,0.14778189243903242
2021-08-31,283_BIDWILLII_4_3,0.14733717127949886
2021-09-30,283_BIDWILLII_4_3,0.03005011407107868
2021-10-31,283_BIDWILLII_4_3,0.14262408426000547
2021-11-30,283_BIDWILLII_4_3,0.15950897618932874
2021-12-31,283_BIDWILLII_4_3,0.16551699625510355
2022-01-31,283_BIDWILLII_4_3,0.0
2022-02-28,283_BIDWILLII_4_3,0.17899634304155634
2022-03-31,283_BIDWILLII_4_3,0.0
2022-04-30,283_BIDWILLII_4_3,0.15359337999614264
2022-05-31,283_BIDWILLII_4_3,0.0
2022-06-30,283_BIDWILLII_4_3,0.0
2022-07-31,283_BIDWILLII_4_3,0.0
2022-08-31,283_BIDWILLII_4_3,0.0
2022-09-30,283_BIDWILLII_4_3,0.1507751023374249
2022-10-31,283_BIDWILLII_4_3,-0.002011254901727154
2022-11-30,283_BIDWILLII_4_3,0.16381155826452773
2022-12-31,283_BIDWILLII_4_3,0.12933843755262878
2023-01-31,283_BIDWILLII_4_3,0.0
2023-02-28,283_BIDWILLII_4_3,0.1477200042014847
2023-03-31,283_BIDWILLII_4_3,0.1559255799693989
2023-04-30,283_BIDWILLII_4_3,0.14658578308052148
2023-05-31,283_BIDWILLII_4_3,0.14486671279987726
2023-06-30,283_BIDWILLII_4_3,0.14614748423159826
2023-07-31,283_BIDWILLII_4_3,0.0324415808977262
2023-08-31,283_BIDWILLII_4_3,0.14023575365657573
2023-09-30,283_BIDWILLII_4_3,0.10160626174122965
2023-10-31,283_BIDWILLII_4_3,0.1370379280662322
2023-11-30,283_BIDWILLII_4_3,0.1386768840364516
2023-12-31,283_BIDWILLII_4_3,0.0
2024-01-31,283_BIDWILLII_4_3,0.0
2024-02-29,283_BIDWILLII_4_3,0.15922288435753998
2024-03-31,283_BIDWILLII_4_3,0.0
2024-04-30,283_BIDWILLII_4_3,0.0
2024-05-31,283_BIDWILLII_4_3,0.1513401505211084
2024-06-30,283_BIDWILLII_4_3,0.1526665606714826
2024-07-31,283_BIDWILLII_4_3,0.15093812308257093
2024-08-31,283_BIDWILLII_4_3,0.1496949039540308
2024-09-30,283_BIDWILLII_4_3,0.14683144776425394
2024-10-31,283_BIDWILLII_4_3,0.14867511955091384
2024-11-30,283_BIDWILLII_4_3,0.0
2024-12-31,283_BIDWILLII_4_3,0.0
2025-01-31,283_BIDWILLII_4_3,0.07955420011166707
2025-02-28,283_BIDWILLII_4_3,0.0
2025-03-31,283_BIDWILLII_4_3,0.06706926560936821
2025-04-30,283_BIDWILLII_4_3,0.1245296352687629
2025-05-31,283_BIDWILLII_4_3,0.14579974252812597
2016-06-30,283_BIDWILLII_4_1,0.08918224922499825
2016-07-31,283_BIDWILLII_4_1,0.08986296895348969
2016-08-31,283_BIDWILLII_4_1,0.09225696676877368
2016-09-30,283_BIDWILLII_4_1,0.0
2016-10-31,283_BIDWILLII_4_1,0.09900655474827796
2016-11-30,283_BIDWILLII_4_1,0.09789060687753666
2016-12-31,283_BIDWILLII_4_1,0.0
2017-01-31,283_BIDWILLII_4_1,0.11771630561101656
2017-02-28,283_BIDWILLII_4_1,0.09380134602420702
2017-03-31,283_BIDWILLII_4_1,0.0
2017-04-30,283_BIDWILLII_4_1,0.1086137337214716
2017-05-31,283_BIDWILLII_4_1,0.10204118809432665
2017-06-30,283_BIDWILLII_4_1,0.0
2017-07-31,283_BIDWILLII_4_1,0.09550167362433584
2017-08-31,283_BIDWILLII_4_1,0.0935702073423398
2017-09-30,283_BIDWILLII_4_1,0.09314139881955753
2017-10-31,283_BIDWILLII_4_1,0.0
2017-11-30,283_BIDWILLII_4_1,0.11951554537100686
2017-12-31,283_BIDWILLII_4_1,0.11393645681698499
2018-01-31,283_BIDWILLII_4_1,0.0
2018-02-28,283_BIDWILLII_4_1,0.1065608334093392
2018-03-31,283_BIDWILLII_4_1,0.10610671648895421
2018-04-30,283_BIDWILLII_4_1,0.10257825364156162
2018-05-31,283_BIDWILLII_4_1,0.09799775958384062
2018-06-30,283_BIDWILLII_4_1,0.0943176806141125
2018-07-31,283_BIDWILLII_4_1,0.09188158268054497
2018-08-31,283_BIDWILLII_4_1,0.08935638942434491
2018-09-30,283_BIDWILLII_4_1,0.0
2018-10-31,283_BIDWILLII_4_1,0.09437528648944392
2018-11-30,283_BIDWILLII_4_1,0.0718002260073794
2018-12-31,283_BIDWILLII_4_1,0.0
2019-01-31,283_BIDWILLII_4_1,0.0
2019-02-28,283_BIDWILLII_4_1,0.09565174022666217
2019-03-31,283_BIDWILLII_4_1,0.0893681780344925
2019-04-30,283_BIDWILLII_4_1,0.0
2019-05-31,283_BIDWILLII_4_1,0.09131065746223431
2019-06-30,283_BIDWILLII_4_1,0.05081450885255128
2019-07-31,283_BIDWILLII_4_1,0.08821632663454639
2019-08-31,283_BIDWILLII_4_1,0.08629719852591024
2019-09-30,283_BIDWILLII_4_1,0.07813131322205444
2019-10-31,283_BIDWILLII_4_1,0.07199885289340452
2019-11-30,283_BIDWILLII_4_1,0.08821856722561454
2019-12-31,283_BIDWILLII_4_1,0.0938989211913159
2020-01-31,283_BIDWILLII_4_1,0.0
2020-02-29,283_BIDWILLII_4_1,0.08854466518946448
2020-03-31,283_BIDWILLII_4_1,0.1044841788977929
2020-04-30,283_BIDWILLII_4_1,0.09901165344192485
2020-05-31,283_BIDWILLII_4_1,0.09291233987385354
2020-06-30,283_BIDWILLII_4_1,0.09165497791961438
2020-07-31,283_BIDWILLII_4_1,0.0
2020-08-31,283_BIDWILLII_4_1,0.09036403473168579
2020-09-30,283_BIDWILLII_4_1,0.08074702297099125
2020-10-31,283_BIDWILLII_4_1,0.0
2020-11-30,283_BIDWILLII_4_1,0.09993619628309348
2020-12-31,283_BIDWILLII_4_1,0.09666903805341993
2021-01-31,283_BIDWILLII_4_1,0.0
2021-02-28,283_BIDWILLII_4_1,0.09406230463856752
2021-03-31,283_BIDWILLII_4_1,0.0
2021-04-30,283_BIDWILLII_4_1,0.09316831228293669
2021-05-31,283_BIDWILLII_4_1,0.09306821805049827
2021-06-30,283_BIDWILLII_4_1,0.0954966309943096
2021-07-31,283_BIDWILLII_4_1,0.09643868498008666
2021-08-31,283_BIDWILLII_4_1,0.0969996474611724
2021-09-30,283_BIDWILLII_4_1,0.061478085517793386
2021-10-31,283_BIDWILLII_4_1,0.09555515411414833
2021-11-30,283_BIDWILLII_4_1,0.09224913807774852
2021-12-31,283_BIDWILLII_4_1,0.08120878234071381
2022-01-31,283_BIDWILLII_4_1,0.0
2022-02-28,283_BIDWILLII_4_1,0.10806126773776198
2022-03-31,283_BIDWILLII_4_1,0.0
2022-04-30,283_BIDWILLII_4_1,0.10539459659657928
2022-05-31,283_BIDWILLII_4_1,0.0
2022-06-30,283_BIDWILLII_4_1,0.0
2022-07-31,283_BIDWILLII_4_1,0.0
2022-08-31,283_BIDWILLII_4_1,0.0
2022-09-30,283_BIDWILLII_4_1,0.10352215318658646
2022-10-31,283_BIDWILLII_4_1,-0.0018271100754397326
2022-11-30,283_BIDWILLII_4_1,0.11591115039140323
2022-12-31,283_BIDWILLII_4_1,0.07458674094712624
2023-01-31,283_BIDWILLII_4_1,0.0
2023-02-28,283_BIDWILLII_4_1,0.1041709503237306
2023-03-31,283_BIDWILLII_4_1,0.10315357477163707
2023-04-30,283_BIDWILLII_4_1,0.09883572456913094
2023-05-31,283_BIDWILLII_4_1,0.09644365583420819
2023-06-30,283_BIDWILLII_4_1,0.09630683815165571
2023-07-31,283_BIDWILLII_4_1,0.025028586381941994
2023-08-31,283_BIDWILLII_4_1,0.09366670265834871
2023-09-30,283_BIDWILLII_4_1,0.060649111868646056
2023-10-31,283_BIDWILLII_4_1,0.09491553954504427
2023-11-30,283_BIDWILLII_4_1,0.09636777926280911
2023-12-31,283_BIDWILLII_4_1,0.0
2024-01-31,283_BIDWILLII_4_1,0.0
2024-02-29,283_BIDWILLII_4_1,0.11118807314631969
2024-03-31,283_BIDWILLII_4_1,0.0
2024-04-30,283_BIDWILLII_4_1,0.0
2024-05-31,283_BIDWILLII_4_1,0.10038126472355195
2024-06-30,283_BIDWILLII_4_1,0.10006458355745898
2024-07-31,283_BIDWILLII_4_1,0.09887322053295135
2024-08-31,283_BIDWILLII_4_1,0.09973447328592627
2024-09-30,283_BIDWILLII_4_1,0.09467770534114484
2024-10-31,283_BIDWILLII_4_1,0.10190162546465044
2024-11-30,283_BIDWILLII_4_1,0.0
2024-12-31,283_BIDWILLII_4_1,0.0
2025-01-31,283_BIDWILLII_4_1,0.06823187973383925
2025-02-28,283_BIDWILLII_4_1,0.0
2025-03-31,283_BIDWILLII_4_1,0.07253121887252545
2025-04-30,283_BIDWILLII_4_1,0.09446732197568947
2025-05-31,283_BIDWILLII_4_1,0.09761146343726661
2016-06-30,283_BIDWILLII_4_2,0.16179172007509196
2016-07-31,283_BIDWILLII_4_2,0.16358296378571235
2016-08-31,283_BIDWILLII_4_2,0.1675169777982038
2016-09-30,283_BIDWILLII_4_2,0.0
2016-10-31,283_BIDWILLII_4_2,0.17327470152311045
2016-11-30,283_BIDWILLII_4_2,0.17188288409954625
2016-12-31,283_BIDWILLII_4_2,0.0
2017-01-31,283_BIDWILLII_4_2,0.19439014631852772
2017-02-28,283_BIDWILLII_4_2,0.18333824792208367
2017-03-31,283_BIDWILLII_4_2,0.0
2017-04-30,283_BIDWILLII_4_2,0.18025716420981375
2017-05-31,283_BIDWILLII_4_2,0.16960863488566044
2017-06-30,283_BIDWILLII_4_2,0.0
2017-07-31,283_BIDWILLII_4_2,0.161269278608134
2017-08-31,283_BIDWILLII_4_2,0.1592875138345007
2017-09-30,283_BIDWILLII_4_2,0.1575787166139011
2017-10-31,283_BIDWILLII_4_2,0.0
2017-11-30,283_BIDWILLII_4_2,0.2017206676929011
2017-12-31,283_BIDWILLII_4_2,0.1825970134265609
2018-01-31,283_BIDWILLII_4_2,0.0
2018-02-28,283_BIDWILLII_4_2,0.17864763527983898
2018-03-31,283_BIDWILLII_4_2,0.1760210124465501
2018-04-30,283_BIDWILLII_4_2,0.17232625168813434
2018-05-31,283_BIDWILLII_4_2,0.16770200448052328
2018-06-30,283_BIDWILLII_4_2,0.16357338494562035
2018-07-31,283_BIDWILLII_4_2,0.16126171628410313
2018-08-31,283_BIDWILLII_4_2,0.1551616517103304
2018-09-30,283_BIDWILLII_4_2,0.0
2018-10-31,283_BIDWILLII_4_2,0.16551521336887712
2018-11-30,283_BIDWILLII_4_2,0.12197280171316505
2018-12-31,283_BIDWILLII_4_2,0.0
2019-01-31,283_BIDWILLII_4_2,0.0
2019-02-28,283_BIDWILLII_4_2,0.14919323088030428
2019-03-31,283_BIDWILLII_4_2,0.1574993732727553
2019-04-30,283_BIDWILLII_4_2,0.0
2019-05-31,283_BIDWILLII_4_2,0.15830480782637565
2019-06-30,283_BIDWILLII_4_2,0.10617528481196292
2019-07-31,283_BIDWILLII_4_2,0.154880872390948
2019-08-31,283_BIDWILLII_4_2,0.15056946810473892
2019-09-30,283_BIDWILLII_4_2,0.15020101737887961
2019-10-31,283_BIDWILLII_4_2,0.10008987578327684
2019-11-30,283_BIDWILLII_4_2,0.15172509517301766
2019-12-31,283_BIDWILLII_4_2,0.16230405649453444
2020-01-31,283_BIDWILLII_4_2,0.0
2020-02-29,283_BIDWILLII_4_2,0.17201148491745524
2020-03-31,283_BIDWILLII_4_2,0.17733068769567503
2020-04-30,283_BIDWILLII_4_2,0.16928673043430154
2020-05-31,283_BIDWILLII_4_2,0.15969480123927848
2020-06-30,283_BIDWILLII_4_2,0.15714495911487236
2020-07-31,283_BIDWILLII_4_2,0.0
2020-08-31,283_BIDWILLII_4_2,0.15465306433419612
2020-09-30,283_BIDWILLII_4_2,0.12955466762575288
2020-10-31,283_BIDWILLII_4_2,0.0
2020-11-30,283_BIDWILLII_4_2,0.16779632225862895
2020-12-31,283_BIDWILLII_4_2,0.1654879640184192
2021-01-31,283_BIDWILLII_4_2,0.0
2021-02-28,283_BIDWILLII_4_2,0.17286322687703176
2021-03-31,283_BIDWILLII_4_2,0.0
2021-04-30,283_BIDWILLII_4_2,0.16552725373842606
2021-05-31,283_BIDWILLII_4_2,0.17552995109554437
2021-06-30,283_BIDWILLII_4_2,0.1677678551953134
2021-07-31,283_BIDWILLII_4_2,0.16956222168135232
2021-08-31,283_BIDWILLII_4_2,0.17049177853031128
2021-09-30,283_BIDWILLII_4_2,0.05127006573363142
2021-10-31,283_BIDWILLII_4_2,0.1677006420024394
2021-11-30,283_BIDWILLII_4_2,0.18900038255354293
2021-12-31,283_BIDWILLII_4_2,0.20151379911019887
2022-01-31,283_BIDWILLII_4_2,0.0
2022-02-28,283_BIDWILLII_4_2,0.2150292667194177
2022-03-31,283_BIDWILLII_4_2,0.0
2022-04-30,283_BIDWILLII_4_2,0.1752715254933814
2022-05-31,283_BIDWILLII_4_2,0.0
2022-06-30,283_BIDWILLII_4_2,0.0
2022-07-31,283_BIDWILLII_4_2,0.0
2022-08-31,283_BIDWILLII_4_2,0.0
2022-09-30,283_BIDWILLII_4_2,0.1728404258991953
2022-10-31,283_BIDWILLII_4_2,-0.002487715454156062
2022-11-30,283_BIDWILLII_4_2,0.19032545577025697
2022-12-31,283_BIDWILLII_4_2,0.1605847951302623
2023-01-31,283_BIDWILLII_4_2,0.0
2023-02-28,283_BIDWILLII_4_2,0.17854699847934297
2023-03-31,283_BIDWILLII_4_2,0.18136983047335936
2023-04-30,283_BIDWILLII_4_2,0.16908790479052957
2023-05-31,283_BIDWILLII_4_2,0.16520791471807914
2023-06-30,283_BIDWILLII_4_2,0.16693942436015768
2023-07-31,283_BIDWILLII_4_2,0.037443946052691954
2023-08-31,283_BIDWILLII_4_2,0.16182120236575345
2023-09-30,283_BIDWILLII_4_2,0.09488016982841584
2023-10-31,283_BIDWILLII_4_2,0.16173114378181122
2023-11-30,283_BIDWILLII_4_2,0.16296450988105682
2023-12-31,283_BIDWILLII_4_2,0.0
2024-01-31,283_BIDWILLII_4_2,0.0
2024-02-29,283_BIDWILLII_4_2,0.18380282158982558
2024-03-31,283_BIDWILLII_4_2,0.0
2024-04-30,283_BIDWILLII_4_2,0.0
2024-05-31,283_BIDWILLII_4_2,0.172000150046181
2024-06-30,283_BIDWILLII_4_2,0.17282688914167896
2024-07-31,283_BIDWILLII_4_2,0.1722976347005615
2024-08-31,283_BIDWILLII_4_2,0.17260043433234562
2024-09-30,283_BIDWILLII_4_2,0.17158756679996187
2024-10-31,283_BIDWILLII_4_2,0.175337452568632
2024-11-30,283_BIDWILLII_4_2,0.0
2024-12-31,283_BIDWILLII_4_2,0.0
2025-01-31,283_BIDWILLII_4_2,0.13200411318773694
2025-02-28,283_BIDWILLII_4_2,0.0
2025-03-31,283_BIDWILLII_4_2,0.08151476357098056
2025-04-30,283_BIDWILLII_4_2,0.12116931421229195
2025-05-31,283_BIDWILLII_4_2,0.1647946830479919
2016-06-30,283_BIDWILLII_4_3,0.1852228737958329
2016-07-31,283_BIDWILLII_4_3,0.18674112601145185
2016-08-31,283_BIDWILLII_4_3,0.1889659044971409
2016-09-30,283_BIDWILLII_4_3,0.0
2016-10-31,283_BIDWILLII_4_3,0.1987793039285622
2016-11-30,283_BIDWILLII_4_3,0.19065146924118181
2016-12-31,283_BIDWILLII_4_3,0.0
2017-01-31,283_BIDWILLII_4_3,0.22744387219399903
2017-02-28,283_BIDWILLII_4_3,0.20242463974433939
2017-03-31,283_BIDWILLII_4_3,0.0
2017-04-30,283_BIDWILLII_4_3,0.21052212473953835
2017-05-31,283_BIDWILLII_4_3,0.19962431121150317
2017-06-30,283_BIDWILLII_4_3,0.0
2017-07-31,283_BIDWILLII_4_3,0.1900577964309353
2017-08-31,283_BIDWILLII_4_3,0.18420514887335324
2017-09-30,283_BIDWILLII_4_3,0.1820216538199119
2017-10-31,283_BIDWILLII_4_3,0.0
2017-11-30,283_BIDWILLII_4_3,0.23260289116696967
2017-12-31,283_BIDWILLII_4_3,0.21278535112890787
2018-01-31,283_BIDWILLII_4_3,0.0
2018-02-28,283_BIDWILLII_4_3,0.20734002852277789
2018-03-31,283_BIDWILLII_4_3,0.20786121511588657
2018-04-30,283_BIDWILLII_4_3,0.20075422181869623
2018-05-31,283_BIDWILLII_4_3,0.19630361447277328
2018-06-30,283_BIDWILLII_4_3,0.19001888246983753
2018-07-31,283_BIDWILLII_4_3,0.18816760569532878
2018-08-31,283_BIDWILLII_4_3,0.17815095027585112
2018-09-30,283_BIDWILLII_4_3,0.0
2018-10-31,283_BIDWILLII_4_3,0.1893058049295673
2018-11-30,283_BIDWILLII_4_3,0.06855832468211548
2018-12-31,283_BIDWILLII_4_3,0.0
2019-01-31,283_BIDWILLII_4_3,0.0
2019-02-28,283_BIDWILLII_4_3,0.1530994219124018
2019-03-31,283_BIDWILLII_4_3,0.17877531731934804
2019-04-30,283_BIDWILLII_4_3,0.0
2019-05-31,283_BIDWILLII_4_3,0.183032616217334
2019-06-30,283_BIDWILLII_4_3,0.09625579235131464
2019-07-31,283_BIDWILLII_4_3,0.17772067819035334
2019-08-31,283_BIDWILLII_4_3,0.17005424961051854
2019-09-30,283_BIDWILLII_4_3,0.1502605133936991
2019-10-31,283_BIDWILLII_4_3,0.17674399238307364
2019-11-30,283_BIDWILLII_4_3,0.167184395386417
2019-12-31,283_BIDWILLII_4_3,0.1807847661518179
2020-01-31,283_BIDWILLII_4_3,0.0
2020-02-29,283_BIDWILLII_4_3,0.19671880172080622
2020-03-31,283_BIDWILLII_4_3,0.2058236270806582
2020-04-30,283_BIDWILLII_4_3,0.1957238419221743
2020-05-31,283_BIDWILLII_4_3,0.1839303457075526
2020-06-30,283_BIDWILLII_4_3,0.18122497355351164
2020-07-31,283_BIDWILLII_4_3,0.0
2020-08-31,283_BIDWILLII_4_3,0.17450526539939176
2020-09-30,283_BIDWILLII_4_3,0.17664792300088153
2020-10-31,283_BIDWILLII_4_3,0.0
2020-11-30,283_BIDWILLII_4_3,0.19036603220298748
2020-12-31,283_BIDWILLII_4_3,0.18359163587231936
2021-01-31,283_BIDWILLII_4_3,0.0
2021-02-28,283_BIDWILLII_4_3,0.19658291774197703
2021-03-31,283_BIDWILLII_4_3,0.0
2021-04-30,283_BIDWILLII_4_3,0.1913270511096756
2021-05-31,283_BIDWILLII_4_3,0.202858041500509
2021-06-30,283_BIDWILLII_4_3,0.19444294038664395
2021-07-31,283_BIDWILLII_4_3,0.19545075015684685
2021-08-31,283_BIDWILLII_4_3,0.19483925113374237
2021-09-30,283_BIDWILLII_4_3,0.10444085481744994
2021-10-31,283_BIDWILLII_4_3,0.18636738146511525
2021-11-30,283_BIDWILLII_4_3,0.212676301333894
2021-12-31,283_BIDWILLII_4_3,0.16477454095280186
2022-01-31,283_BIDWILLII_4_3,0.0
2022-02-28,283_BIDWILLII_4_3,0.2459710409463494
2022-03-31,283_BIDWILLII_4_3,0.0
2022-04-30,283_BIDWILLII_4_3,0.2052277208699643
2022-05-31,283_BIDWILLII_4_3,0.0
2022-06-30,283_BIDWILLII_4_3,0.0
2022-07-31,283_BIDWILLII_4_3,0.0
2022-08-31,283_BIDWILLII_4_3,0.0
2022-09-30,283_BIDWILLII_4_3,0.19862775752294182
2022-10-31,283_BIDWILLII_4_3,-0.002577626908919982
2022-11-30,283_BIDWILLII_4_3,0.21486619138005783
2022-12-31,283_BIDWILLII_4_3,0.15477109897074234
2023-01-31,283_BIDWILLII_4_3,0.0
2023-02-28,283_BIDWILLII_4_3,0.2129875288022351
2023-03-31,283_BIDWILLII_4_3,0.20429830307445312
2023-04-30,283_BIDWILLII_4_3,0.19287792473279042
2023-05-31,283_BIDWILLII_4_3,0.18969305335656036
2023-06-30,283_BIDWILLII_4_3,0.1912296466304992
2023-07-31,283_BIDWILLII_4_3,0.041129435027606694
2023-08-31,283_BIDWILLII_4_3,0.1822078470824398
2023-09-30,283_BIDWILLII_4_3,0.13658252648457536
2023-10-31,283_BIDWILLII_4_3,0.18004682201628777
2023-11-30,283_BIDWILLII_4_3,0.1816906650442116
2023-12-31,283_BIDWILLII_4_3,0.0
2024-01-31,283_BIDWILLII_4_3,0.0
2024-02-29,283_BIDWILLII_4_3,0.21032752191058138
2024-03-31,283_BIDWILLII_4_3,0.0
2024-04-30,283_BIDWILLII_4_3,0.0
2024-05-31,283_BIDWILLII_4_3,0.1996850187045593
2024-06-30,283_BIDWILLII_4_3,0.20134650985305425
2024-07-31,283_BIDWILLII_4_3,0.19911529643395176
2024-08-31,283_BIDWILLII_4_3,0.19856301444331448
2024-09-30,283_BIDWILLII_4_3,0.19188885159343552
2024-10-31,283_BIDWILLII_4_3,0.1973949945385372
2024-11-30,283_BIDWILLII_4_3,0.0
2024-12-31,283_BIDWILLII_4_3,0.0
2025-01-31,283_BIDWILLII_4_3,0.1435067307014671
2025-02-28,283_BIDWILLII_4_3,0.0
2025-03-31,283_BIDWILLII_4_3,0.10596260163452503
2025-04-30,283_BIDWILLII_4_3,0.13958936740629152
2025-05-31,283_BIDWILLII_4_3,0.19604548898416613
2016-06-30,283_BIDWILLII_4_4,0.16322304336505652
2016-07-31,283_BIDWILLII_4_4,0.16393289935918148
2016-08-31,283_BIDWILLII_4_4,0.1659831726672778
2016-09-30,283_BIDWILLII_4_4,0.0
2016-10-31,283_BIDWILLII_4_4,0.17566419971915295
2016-11-30,283_BIDWILLII_4_4,0.17199249464963928
2016-12-31,283_BIDWILLII_4_4,0.0
2017-01-31,283_BIDWILLII_4_4,0.1996754508258556
2017-02-28,283_BIDWILLII_4_4,0.20112577104667595
2017-03-31,283_BIDWILLII_4_4,0.0
2017-04-30,283_BIDWILLII_4_4,0.1863329743046171
2017-05-31,283_BIDWILLII_4_4,0.17693113945755073
2017-06-30,283_BIDWILLII_4_4,0.0
2017-07-31,283_BIDWILLII_4_4,0.16903576452017843
2017-08-31,283_BIDWILLII_4_4,0.16522028293020105
2017-09-30,283_BIDWILLII_4_4,0.16409313907900241
2017-10-31,283_BIDWILLII_4_4,0.0
2017-11-30,283_BIDWILLII_4_4,0.208681745451726
2017-12-31,283_BIDWILLII_4_4,0.19313516461687422
2018-01-31,283_BIDWILLII_4_4,0.0
2018-02-28,283_BIDWILLII_4_4,0.18317133929362353
2018-03-31,283_BIDWILLII_4_4,0.18144645381416513
2018-04-30,283_BIDWILLII_4_4,0.17587907002811837
2018-05-31,283_BIDWILLII_4_4,0.17196143284484094
2018-06-30,283_BIDWILLII_4_4,0.16706247507734734
2018-07-31,283_BIDWILLII_4_4,0.16469628845149115
2018-08-31,283_BIDWILLII_4_4,0.15817851403154815
2018-09-30,283_BIDWILLII_4_4,0.0
2018-10-31,283_BIDWILLII_4_4,0.16571584695898414
2018-11-30,283_BIDWILLII_4_4,0.04863576484398804
2018-12-31,283_BIDWILLII_4_4,0.0
2019-01-31,283_BIDWILLII_4_4,0.0
2019-02-28,283_BIDWILLII_4_4,0.15763914216532762
2019-03-31,283_BIDWILLII_4_4,0.1546038391223791
2019-04-30,283_BIDWILLII_4_4,0.0
2019-05-31,283_BIDWILLII_4_4,0.1573725258127985
2019-06-30,283_BIDWILLII_4_4,0.053892798923014906
2019-07-31,283_BIDWILLII_4_4,0.15384707476587625
2019-08-31,283_BIDWILLII_4_4,0.14949934383652233
2019-09-30,283_BIDWILLII_4_4,0.1417436227654038
2019-10-31,283_BIDWILLII_4_4,0.16512750475824173
2019-11-30,283_BIDWILLII_4_4,0.15133605608244757
2019-12-31,283_BIDWILLII_4_4,0.16197173739128273
2020-01-31,283_BIDWILLII_4_4,0.0
2020-02-29,283_BIDWILLII_4_4,0.1713277937720526
2020-03-31,283_BIDWILLII_4_4,0.1787998390655096
2020-04-30,283_BIDWILLII_4_4,0.17072477857232735
2020-05-31,283_BIDWILLII_4_4,0.16030658569319087
2020-06-30,283_BIDWILLII_4_4,0.15847817201986902
2020-07-31,283_BIDWILLII_4_4,0.0
2020-08-31,283_BIDWILLII_4_4,0.15518858686340717
2020-09-30,283_BIDWILLII_4_4,0.16410425821008923
2020-10-31,283_BIDWILLII_4_4,0.0
2020-11-30,283_BIDWILLII_4_4,0.17059837071298406
2020-12-31,283_BIDWILLII_4_4,0.16503393816286765
2021-01-31,283_BIDWILLII_4_4,0.0
2021-02-28,283_BIDWILLII_4_4,0.1718232253081443
2021-03-31,283_BIDWILLII_4_4,0.0
2021-04-30,283_BIDWILLII_4_4,0.1662682908440512
2021-05-31,283_BIDWILLII_4_4,0.1721217705408577
2021-06-30,283_BIDWILLII_4_4,0.1692465072724951
2021-07-31,283_BIDWILLII_4_4,0.17065892415566805
2021-08-31,283_BIDWILLII_4_4,0.17099591127204083
2021-09-30,283_BIDWILLII_4_4,0.10884092891030349
2021-10-31,283_BIDWILLII_4_4,0.16588407724658175
2021-11-30,283_BIDWILLII_4_4,0.1906824515423378
2021-12-31,283_BIDWILLII_4_4,0.13645947607346395
2022-01-31,283_BIDWILLII_4_4,0.0
2022-02-28,283_BIDWILLII_4_4,0.21947367514588348
2022-03-31,283_BIDWILLII_4_4,0.0
2022-04-30,283_BIDWILLII_4_4,0.18052442794887735
2022-05-31,283_BIDWILLII_4_4,0.0
2022-06-30,283_BIDWILLII_4_4,0.0
2022-07-31,283_BIDWILLII_4_4,0.0
2022-08-31,283_BIDWILLII_4_4,0.0
2022-09-30,283_BIDWILLII_4_4,0.17668676898197727
2022-10-31,283_BIDWILLII_4_4,-0.004024775447700661
2022-11-30,283_BIDWILLII_4_4,0.1930484374352825
2022-12-31,283_BIDWILLII_4_4,0.12865462789615248
2023-01-31,283_BIDWILLII_4_4,0.0
2023-02-28,283_BIDWILLII_4_4,0.16972528703778297
2023-03-31,283_BIDWILLII_4_4,0.18134512231194574
2023-04-30,283_BIDWILLII_4_4,0.1721322818963981
2023-05-31,283_BIDWILLII_4_4,0.16855870861264483
2023-06-30,283_BIDWILLII_4_4,0.16974523142407327
2023-07-31,283_BIDWILLII_4_4,0.0340193147201153
2023-08-31,283_BIDWILLII_4_4,0.16333850052530943
2023-09-30,283_BIDWILLII_4_4,0.11609713607960176
2023-10-31,283_BIDWILLII_4_4,0.1634753668799063
2023-11-30,283_BIDWILLII_4_4,0.16551634884352684
2023-12-31,283_BIDWILLII_4_4,0.0
2024-01-31,283_BIDWILLII_4_4,0.0
2024-02-29,283_BIDWILLII_4_4,0.18596020286432388
2024-03-31,283_BIDWILLII_4_4,0.0
2024-04-30,283_BIDWILLII_4_4,0.0
2024-05-31,283_BIDWILLII_4_4,0.17438605957198394
2024-06-30,283_BIDWILLII_4_4,0.17521434091911123
2024-07-31,283_BIDWILLII_4_4,0.1738903158323192
2024-08-31,283_BIDWILLII_4_4,0.1743887425652296
2024-09-30,283_BIDWILLII_4_4,0.16856894689132088
2024-10-31,283_BIDWILLII_4_4,0.17617067400261074
2024-11-30,283_BIDWILLII_4_4,0.0
2024-12-31,283_BIDWILLII_4_4,0.0
2025-01-31,283_BIDWILLII_4_4,0.16259476841649412
2025-02-28,283_BIDWILLII_4_4,0.0
2025-03-31,283_BIDWILLII_4_4,0.09800852280321673
2025-04-30,283_BIDWILLII_4_4,0.14311561562750272
2025-05-31,283_BIDWILLII_4_4,0.1688221235975161
2016-06-30,283_BIDWILLII_4_1,0.15320929641354758
2016-07-31,283_BIDWILLII_4_1,0.15534436745189575
2016-08-31,283_BIDWILLII_4_1,0.15994603769042756
2016-09-30,283_BIDWILLII_4_1,0.0
2016-10-31,283_BIDWILLII_4_1,0.16412186164296433
2016-11-30,283_BIDWILLII_4_1,0.16319302713709205
2016-12-31,283_BIDWILLII_4_1,0.0
2017-01-31,283_BIDWILLII_4_1,0.1881894564919771
2017-02-28,283_BIDWILLII_4_1,0.1650962247003242
2017-03-31,283_BIDWILLII_4_1,0.0
2017-04-30,283_BIDWILLII_4_1,0.17464331507950143
2017-05-31,283_BIDWILLII_4_1,0.16454772658048467
2017-06-30,283_BIDWILLII_4_1,0.0
2017-07-31,283_BIDWILLII_4_1,0.15594472318439728
2017-08-31,283_BIDWILLII_4_1,0.15473659940874424
2017-09-30,283_BIDWILLII_4_1,0.15210926901587496
2017-10-31,283_BIDWILLII_4_1,0.0
2017-11-30,283_BIDWILLII_4_1,0.19703129265518793
2017-12-31,283_BIDWILLII_4_1,0.1753955198798552
2018-01-31,283_BIDWILLII_4_1,0.0
2018-02-28,283_BIDWILLII_4_1,0.1730212902440676
2018-03-31,283_BIDWILLII_4_1,0.1700581228841183
2018-04-30,283_BIDWILLII_4_1,0.16525881353635619
2018-05-31,283_BIDWILLII_4_1,0.16171287397891693
2018-06-30,283_BIDWILLII_4_1,0.15673164593011446
2018-07-31,283_BIDWILLII_4_1,0.1549789279135848
2018-08-31,283_BIDWILLII_4_1,0.15063269246668454
2018-09-30,283_BIDWILLII_4_1,0.0
2018-10-31,283_BIDWILLII_4_1,0.160595420125995
2018-11-30,283_BIDWILLII_4_1,0.16846689880986906
2018-12-31,283_BIDWILLII_4_1,0.0
2019-01-31,283_BIDWILLII_4_1,0.0
2019-02-28,283_BIDWILLII_4_1,0.1454491527799635
2019-03-31,283_BIDWILLII_4_1,0.1513074266928825
2019-04-30,283_BIDWILLII_4_1,0.0
2019-05-31,283_BIDWILLII_4_1,0.15173888694862658
2019-06-30,283_BIDWILLII_4_1,0.06296666729696179
2019-07-31,283_BIDWILLII_4_1,0.14820019588107203
2019-08-31,283_BIDWILLII_4_1,0.14461334564962985
2019-09-30,283_BIDWILLII_4_1,0.14407164798611807
2019-10-31,283_BIDWILLII_4_1,0.08689961581193976
2019-11-30,283_BIDWILLII_4_1,0.14756034613646585
2019-12-31,283_BIDWILLII_4_1,0.15706628270623804
2020-01-31,283_BIDWILLII_4_1,0.0
2020-02-29,283_BIDWILLII_4_1,0.16581880093281137
2020-03-31,283_BIDWILLII_4_1,0.1681030927653503
2020-04-30,283_BIDWILLII_4_1,0.1608763961733749
2020-05-31,283_BIDWILLII_4_1,0.15094868514737256
2020-06-30,283_BIDWILLII_4_1,0.14843814545869777
2020-07-31,283_BIDWILLII_4_1,0.0
2020-08-31,283_BIDWILLII_4_1,0.14744325115046542
2020-09-30,283_BIDWILLII_4_1,0.1574144355520326
2020-10-31,283_BIDWILLII_4_1,0.0
2020-11-30,283_BIDWILLII_4_1,0.16070895944398117
2020-12-31,283_BIDWILLII_4_1,0.15724373418387616
2021-01-31,283_BIDWILLII_4_1,0.0
2021-02-28,283_BIDWILLII_4_1,0.16476937721761636
2021-03-31,283_BIDWILLII_4_1,0.0
2021-04-30,283_BIDWILLII_4_1,0.15776407763862976
2021-05-31,283_BIDWILLII_4_1,0.1662832012048756
2021-06-30,283_BIDWILLII_4_1,0.15957545809073287
2021-07-31,283_BIDWILLII_4_1,0.16195047458210762
2021-08-31,283_BIDWILLII_4_1,0.16271729206531932
2021-09-30,283_BIDWILLII_4_1,0.06701034224466838
2021-10-31,283_BIDWILLII_4_1,0.15960346292561653
2021-11-30,283_BIDWILLII_4_1,0.18087580028299788
2021-12-31,283_BIDWILLII_4_1,0.17987281536321698
2022-01-31,283_BIDWILLII_4_1,0.0
2022-02-28,283_BIDWILLII_4_1,0.20592333802816423
2022-03-31,283_BIDWILLII_4_1,0.0
2022-04-30,283_BIDWILLII_4_1,0.16616417537087333
2022-05-31,283_BIDWILLII_4_1,0.0
2022-06-30,283_BIDWILLII_4_1,0.0
2022-07-31,283_BIDWILLII_4_1,0.0
2022-08-31,283_BIDWILLII_4_1,0.0
2022-09-30,283_BIDWILLII_4_1,0.1634282638411423
2022-10-31,283_BIDWILLII_4_1,-0.002016601633023381
2022-11-30,283_BIDWILLII_4_1,0.1808823859507817
2022-12-31,283_BIDWILLII_4_1,0.17112915708400162
2023-01-31,283_BIDWILLII_4_1,0.0
2023-02-28,283_BIDWILLII_4_1,0.17039384144724415
2023-03-31,283_BIDWILLII_4_1,0.175960405701007
2023-04-30,283_BIDWILLII_4_1,0.1617470124025961
2023-05-31,283_BIDWILLII_4_1,0.15719993276394556
2023-06-30,283_BIDWILLII_4_1,0.15878631656730066
2023-07-31,283_BIDWILLII_4_1,0.03545470214689679
2023-08-31,283_BIDWILLII_4_1,0.15575691383376214
2023-09-30,283_BIDWILLII_4_1,0.09040015732623341
2023-10-31,283_BIDWILLII_4_1,0.15475359887880666
2023-11-30,283_BIDWILLII_4_1,0.1562766963031021
2023-12-31,283_BIDWILLII_4_1,0.0
2024-01-31,283_BIDWILLII_4_1,0.0
2024-02-29,283_BIDWILLII_4_1,0.17843116685264349
2024-03-31,283_BIDWILLII_4_1,0.0
2024-04-30,283_BIDWILLII_4_1,0.0
2024-05-31,283_BIDWILLII_4_1,0.16554550653872557
2024-06-30,283_BIDWILLII_4_1,0.16486395704906617
2024-07-31,283_BIDWILLII_4_1,0.16495312013677932
2024-08-31,283_BIDWILLII_4_1,0.1656783641111365
2024-09-30,283_BIDWILLII_4_1,0.16403467567149682
2024-10-31,283_BIDWILLII_4_1,0.16809608005847682
2024-11-30,283_BIDWILLII_4_1,0.0
2024-12-31,283_BIDWILLII_4_1,0.0
2025-01-31,283_BIDWILLII_4_1,0.12128510148839328
2025-02-28,283_BIDWILLII_4_1,0.0
2025-03-31,283_BIDWILLII_4_1,0.07723755474920169
2025-04-30,283_BIDWILLII_4_1,0.1440371326533429
2025-05-31,283_BIDWILLII_4_1,0.15781492572322298
2016-06-30,283_BIDWILLII_4_2,0.15372959650690757
2016-07-31,283_BIDWILLII_4_2,0.15490630917529707
2016-08-31,283_BIDWILLII_4_2,0.1572455655677016
2016-09-30,283_BIDWILLII_4_2,0.0
2016-10-31,283_BIDWILLII_4_2,0.16470062240662492
2016-11-30,283_BIDWILLII_4_2,0.15717109225423972
2016-12-31,283_BIDWILLII_4_2,0.0
2017-01-31,283_BIDWILLII_4_2,0.1891111430777882
2017-02-28,283_BIDWILLII_4_2,0.14883881743713176
2017-03-31,283_BIDWILLII_4_2,0.0
2017-04-30,283_BIDWILLII_4_2,0.17684170418690826
2017-05-31,283_BIDWILLII_4_2,0.16739804325037333
2017-06-30,283_BIDWILLII_4_2,0.0
2017-07-31,283_BIDWILLII_4_2,0.15965691565104717
2017-08-31,283_BIDWILLII_4_2,0.15480473674388356
2017-09-30,283_BIDWILLII_4_2,0.15195588897240347
2017-10-31,283_BIDWILLII_4_2,0.0
2017-11-30,283_BIDWILLII_4_2,0.19452956023440207
2017-12-31,283_BIDWILLII_4_2,0.1713444826400696
2018-01-31,283_BIDWILLII_4_2,0.0
2018-02-28,283_BIDWILLII_4_2,0.17253677861825392
2018-03-31,283_BIDWILLII_4_2,0.17316281414119197
2018-04-30,283_BIDWILLII_4_2,0.16852291273716122
2018-05-31,283_BIDWILLII_4_2,0.164762756983414
2018-06-30,283_BIDWILLII_4_2,0.1598270763336945
2018-07-31,283_BIDWILLII_4_2,0.1579595336910788
2018-08-31,283_BIDWILLII_4_2,0.1490753794681137
2018-09-30,283_BIDWILLII_4_2,0.0
2018-10-31,283_BIDWILLII_4_2,0.15668520346432482
2018-11-30,283_BIDWILLII_4_2,0.17199507086780744
2018-12-31,283_BIDWILLII_4_2,0.0
2019-01-31,283_BIDWILLII_4_2,0.0
2019-02-28,283_BIDWILLII_4_2,0.14929054856244356
2019-03-31,283_BIDWILLII_4_2,0.15135598616683904
2019-04-30,283_BIDWILLII_4_2,0.0
2019-05-31,283_BIDWILLII_4_2,0.15507987456051275
2019-06-30,283_BIDWILLII_4_2,0.065276155172539
2019-07-31,283_BIDWILLII_4_2,0.14998528614687612
2019-08-31,283_BIDWILLII_4_2,0.1433580275734502
2019-09-30,283_BIDWILLII_4_2,0.14165557582017735
2019-10-31,283_BIDWILLII_4_2,0.10347738238554176
2019-11-30,283_BIDWILLII_4_2,0.1414702725386095
2019-12-31,283_BIDWILLII_4_2,0.15301748860777156
2020-01-31,283_BIDWILLII_4_2,0.0
2020-02-29,283_BIDWILLII_4_2,0.15607648733437324
2020-03-31,283_BIDWILLII_4_2,0.17174188426181833
2020-04-30,283_BIDWILLII_4_2,0.16210092895632786
2020-05-31,283_BIDWILLII_4_2,0.15297260154256598
2020-06-30,283_BIDWILLII_4_2,0.15122275420560174
2020-07-31,283_BIDWILLII_4_2,0.0
2020-08-31,283_BIDWILLII_4_2,0.14588087829553292
2020-09-30,283_BIDWILLII_4_2,0.15496416738525126
2020-10-31,283_BIDWILLII_4_2,0.0
2020-11-30,283_BIDWILLII_4_2,0.1588655919721028
2020-12-31,283_BIDWILLII_4_2,0.154261528566168
2021-01-31,283_BIDWILLII_4_2,0.0
2021-02-28,283_BIDWILLII_4_2,0.16365431147754128
2021-03-31,283_BIDWILLII_4_2,0.0
2021-04-30,283_BIDWILLII_4_2,0.15824925146037233
2021-05-31,283_BIDWILLII_4_2,0.1698159741169185
2021-06-30,283_BIDWILLII_4_2,0.16221307156580866
2021-07-31,283_BIDWILLII_4_2,0.16309313480802373
2021-08-31,283_BIDWILLII_4_2,0.1634372381492864
2021-09-30,283_BIDWILLII_4_2,0.08814792696734074
2021-10-31,283_BIDWILLII_4_2,0.1557268688318162
2021-11-30,283_BIDWILLII_4_2,0.17706923332425714
2021-12-31,283_BIDWILLII_4_2,0.17859463626186753
2022-01-31,283_BIDWILLII_4_2,0.0
2022-02-28,283_BIDWILLII_4_2,0.19005135764486752
2022-03-31,283_BIDWILLII_4_2,0.0
2022-04-30,283_BIDWILLII_4_2,0.17243808957547643
2022-05-31,283_BIDWILLII_4_2,0.0
2022-06-30,283_BIDWILLII_4_2,0.0
2022-07-31,283_BIDWILLII_4_2,0.0
2022-08-31,283_BIDWILLII_4_2,0.0
2022-09-30,283_BIDWILLII_4_2,0.16725268784263023
2022-10-31,283_BIDWILLII_4_2,-0.0018004725806751232
2022-11-30,283_BIDWILLII_4_2,0.17929045850216233
2022-12-31,283_BIDWILLII_4_2,0.1352661575034517
2023-01-31,283_BIDWILLII_4_2,0.0
2023-02-28,283_BIDWILLII_4_2,0.17647433561614845
2023-03-31,283_BIDWILLII_4_2,0.16556566911437065
2023-04-30,283_BIDWILLII_4_2,0.1621416431816485
2023-05-31,283_BIDWILLII_4_2,0.1592437612462455
2023-06-30,283_BIDWILLII_4_2,0.16056806347895553
2023-07-31,283_BIDWILLII_4_2,0.03277479711794944
2023-08-31,283_BIDWILLII_4_2,0.15415470558820776
2023-09-30,283_BIDWILLII_4_2,0.08141983436510965
2023-10-31,283_BIDWILLII_4_2,0.15126829646025203
2023-11-30,283_BIDWILLII_4_2,0.15322709072434645
2023-12-31,283_BIDWILLII_4_2,0.0
2024-01-31,283_BIDWILLII_4_2,0.0
2024-02-29,283_BIDWILLII_4_2,0.17705355200092818
2024-03-31,283_BIDWILLII_4_2,0.0
2024-04-30,283_BIDWILLII_4_2,0.0
2024-05-31,283_BIDWILLII_4_2,0.16635819219959222
2024-06-30,283_BIDWILLII_4_2,0.16794031896552902
2024-07-31,283_BIDWILLII_4_2,0.16624635735132848
2024-08-31,283_BIDWILLII_4_2,0.16576994306540757
2024-09-30,283_BIDWILLII_4_2,0.15450243555956758
2024-10-31,283_BIDWILLII_4_2,0.1661386813431579
2024-11-30,283_BIDWILLII_4_2,0.0
2024-12-31,283_BIDWILLII_4_2,0.0
2025-01-31,283_BIDWILLII_4_2,0.16662431365821
2025-02-28,283_BIDWILLII_4_2,0.0
2025-03-31,283_BIDWILLII_4_2,0.09829714316420836
2025-04-30,283_BIDWILLII_4_2,0.11664244407864639
2025-05-31,283_BIDWILLII_4_2,0.16339422634783624
2016-06-30,283_BIDWILLII_4_6,0.18389234067302315
2016-07-31,283_BIDWILLII_4_6,0.1838159925867721
2016-08-31,283_BIDWILLII_4_6,0.18731247263073209
2016-09-30,283_BIDWILLII_4_6,0.0
2016-10-31,283_BIDWILLII_4_6,0.2025309357632592
2016-11-30,283_BIDWILLII_4_6,0.20110278599471115
2016-12-31,283_BIDWILLII_4_6,0.0
2017-01-31,283_BIDWILLII_4_6,0.23610154628013807
2017-02-28,283_BIDWILLII_4_6,0.1734632292458726
2017-03-31,283_BIDWILLII_4_6,0.0
2017-04-30,283_BIDWILLII_4_6,0.21805758415241444
2017-05-31,283_BIDWILLII_4_6,0.20691180260175449
2017-06-30,283_BIDWILLII_4_6,0.0
2017-07-31,283_BIDWILLII_4_6,0.19560010017340979
2017-08-31,283_BIDWILLII_4_6,0.19156716653206254
2017-09-30,283_BIDWILLII_4_6,0.18995923303384185
2017-10-31,283_BIDWILLII_4_6,0.0
2017-11-30,283_BIDWILLII_4_6,0.2496076712632884
2017-12-31,283_BIDWILLII_4_6,0.23474378917294572
2018-01-31,283_BIDWILLII_4_6,0.0
2018-02-28,283_BIDWILLII_4_6,0.2128646045766829
2018-03-31,283_BIDWILLII_4_6,0.215547045775578
2018-04-30,283_BIDWILLII_4_6,0.2076153881656048
2018-05-31,283_BIDWILLII_4_6,0.19871053890355822
2018-06-30,283_BIDWILLII_4_6,0.19146578616285553
2018-07-31,283_BIDWILLII_4_6,0.18849258558816132
2018-08-31,283_BIDWILLII_4_6,0.18147959770424668
2018-09-30,283_BIDWILLII_4_6,0.0
2018-10-31,283_BIDWILLII_4_6,0.18486843828476654
2018-11-30,283_BIDWILLII_4_6,0.11311082293905406
2018-12-31,283_BIDWILLII_4_6,0.0
2019-01-31,283_BIDWILLII_4_6,0.0
2019-02-28,283_BIDWILLII_4_6,0.1936921741870849
2019-03-31,283_BIDWILLII_4_6,0.17790049306739905
2019-04-30,283_BIDWILLII_4_6,0.0
2019-05-31,283_BIDWILLII_4_6,0.18035497939075013
2019-06-30,283_BIDWILLII_4_6,0.07414658855413572
2019-07-31,283_BIDWILLII_4_6,0.17524416849247595
2019-08-31,283_BIDWILLII_4_6,0.1714609235575054
2019-09-30,283_BIDWILLII_4_6,0.16326513477304902
2019-10-31,283_BIDWILLII_4_6,0.1631705594572088
2019-11-30,283_BIDWILLII_4_6,0.17585172086650083
2019-12-31,283_BIDWILLII_4_6,0.19023386380575608
2020-01-31,283_BIDWILLII_4_6,0.0
2020-02-29,283_BIDWILLII_4_6,0.20360552566138113
2020-03-31,283_BIDWILLII_4_6,0.2102980261812569
2020-04-30,283_BIDWILLII_4_6,0.19799884393306735
2020-05-31,283_BIDWILLII_4_6,0.18431672166275567
2020-06-30,283_BIDWILLII_4_6,0.18187791586671656
2020-07-31,283_BIDWILLII_4_6,0.0
2020-08-31,283_BIDWILLII_4_6,0.1776724821671086
2020-09-30,283_BIDWILLII_4_6,0.18804564804350235
2020-10-31,283_BIDWILLII_4_6,0.0
2020-11-30,283_BIDWILLII_4_6,0.19813804717466052
2020-12-31,283_BIDWILLII_4_6,0.19181707880614354
2021-01-31,283_BIDWILLII_4_6,0.0
2021-02-28,283_BIDWILLII_4_6,0.16114772557145926
2021-03-31,283_BIDWILLII_4_6,0.0
2021-04-30,283_BIDWILLII_4_6,0.18317259702518632
2021-05-31,283_BIDWILLII_4_6,0.19281831329367702
2021-06-30,283_BIDWILLII_4_6,0.1917435834057132
2021-07-31,283_BIDWILLII_4_6,0.1951166234198706
2021-08-31,283_BIDWILLII_4_6,0.1965665433348353
2021-09-30,283_BIDWILLII_4_6,0.1823594182143049
2021-10-31,283_BIDWILLII_4_6,0.19101328553654975
2021-11-30,283_BIDWILLII_4_6,0.22935357078120358
2021-12-31,283_BIDWILLII_4_6,0.10517966945274101
2022-01-31,283_BIDWILLII_4_6,0.0
2022-02-28,283_BIDWILLII_4_6,0.25259279154218583
2022-03-31,283_BIDWILLII_4_6,0.0
2022-04-30,283_BIDWILLII_4_6,0.2129892480051871
2022-05-31,283_BIDWILLII_4_6,0.0
2022-06-30,283_BIDWILLII_4_6,0.0
2022-07-31,283_BIDWILLII_4_6,0.0
2022-08-31,283_BIDWILLII_4_6,0.0
2022-09-30,283_BIDWILLII_4_6,0.2085176477235088
2022-10-31,283_BIDWILLII_4_6,-0.00391592237672281
2022-11-30,283_BIDWILLII_4_6,0.23023516351829695
2022-12-31,283_BIDWILLII_4_6,0.14682774326858655
2023-01-31,283_BIDWILLII_4_6,0.0
2023-02-28,283_BIDWILLII_4_6,0.21433224376280388
2023-03-31,283_BIDWILLII_4_6,0.21034575007223175
2023-04-30,283_BIDWILLII_4_6,0.19875915752682496
2023-05-31,283_BIDWILLII_4_6,0.19458615558947057
2023-06-30,283_BIDWILLII_4_6,0.1952292110352735
2023-07-31,283_BIDWILLII_4_6,0.038189752733291664
2023-08-31,283_BIDWILLII_4_6,0.18827043784200057
2023-09-30,283_BIDWILLII_4_6,0.14047506796369183
2023-10-31,283_BIDWILLII_4_6,0.19274423841900745
2023-11-30,283_BIDWILLII_4_6,0.1970065792221883
2023-12-31,283_BIDWILLII_4_6,0.0
2024-01-31,283_BIDWILLII_4_6,0.0
2024-02-29,283_BIDWILLII_4_6,0.22103947874417798
2024-03-31,283_BIDWILLII_4_6,0.0
2024-04-30,283_BIDWILLII_4_6,0.0
2024-05-31,283_BIDWILLII_4_6,0.1986597357975183
2024-06-30,283_BIDWILLII_4_6,0.2004907238905877
2024-07-31,283_BIDWILLII_4_6,0.1970204159887817
2024-08-31,283_BIDWILLII_4_6,0.20071263195844308
2024-09-30,283_BIDWILLII_4_6,0.1974395771155883
2024-10-31,283_BIDWILLII_4_6,0.20583663804771404
2024-11-30,283_BIDWILLII_4_6,0.0
2024-12-31,283_BIDWILLII_4_6,0.0
2025-01-31,283_BIDWILLII_4_6,0.17293054943165379
2025-02-28,283_BIDWILLII_4_6,0.0
2025-03-31,283_BIDWILLII_4_6,0.11476231794763346
2025-04-30,283_BIDWILLII_4_6,0.16466676484622927
2025-05-31,283_BIDWILLII_4_6,0.1951613440091511
2016-06-30,283_BIDWILLII_4_4,0.15167456878714897
2016-07-31,283_BIDWILLII_4_4,0.15296356508821127
2016-08-31,283_BIDWILLII_4_4,0.1570420469311486
2016-09-30,283_BIDWILLII_4_4,0.0
2016-10-31,283_BIDWILLII_4_4,0.16391030172312093
2016-11-30,283_BIDWILLII_4_4,0.16310221813845308
2016-12-31,283_BIDWILLII_4_4,0.0
2017-01-31,283_BIDWILLII_4_4,0.18852247281316822
2017-02-28,283_BIDWILLII_4_4,0.15693877695962422
2017-03-31,283_BIDWILLII_4_4,0.0
2017-04-30,283_BIDWILLII_4_4,0.17691426150568657
2017-05-31,283_BIDWILLII_4_4,0.16732723230171603
2017-06-30,283_BIDWILLII_4_4,0.0
2017-07-31,283_BIDWILLII_4_4,0.1593974084025898
2017-08-31,283_BIDWILLII_4_4,0.15737427538047769
2017-09-30,283_BIDWILLII_4_4,0.15606746322966086
2017-10-31,283_BIDWILLII_4_4,0.0
2017-11-30,283_BIDWILLII_4_4,0.20196176941295824
2017-12-31,283_BIDWILLII_4_4,0.18571161530880317
2018-01-31,283_BIDWILLII_4_4,0.0
2018-02-28,283_BIDWILLII_4_4,0.17478111707984642
2018-03-31,283_BIDWILLII_4_4,0.17667333877412658
2018-04-30,283_BIDWILLII_4_4,0.1690536769667304
2018-05-31,283_BIDWILLII_4_4,0.16501458194772445
2018-06-30,283_BIDWILLII_4_4,0.15992964439893914
2018-07-31,283_BIDWILLII_4_4,0.15534869914293262
2018-08-31,283_BIDWILLII_4_4,0.15144050937333578
2018-09-30,283_BIDWILLII_4_4,0.0
2018-10-31,283_BIDWILLII_4_4,0.1555075216548713
2018-11-30,283_BIDWILLII_4_4,0.10773645067509498
2018-12-31,283_BIDWILLII_4_4,0.0
2019-01-31,283_BIDWILLII_4_4,0.0
2019-02-28,283_BIDWILLII_4_4,0.14875720322296349
2019-03-31,283_BIDWILLII_4_4,0.1481282167638252
2019-04-30,283_BIDWILLII_4_4,0.0
2019-05-31,283_BIDWILLII_4_4,0.1491578743038374
2019-06-30,283_BIDWILLII_4_4,0.05700594922744105
2019-07-31,283_BIDWILLII_4_4,0.14541448649872973
2019-08-31,283_BIDWILLII_4_4,0.14248063374397338
2019-09-30,283_BIDWILLII_4_4,0.128977469504185
2019-10-31,283_BIDWILLII_4_4,0.12022810926254028
2019-11-30,283_BIDWILLII_4_4,0.14602196991648084
2019-12-31,283_BIDWILLII_4_4,0.15653909834568072
2020-01-31,283_BIDWILLII_4_4,0.0
2020-02-29,283_BIDWILLII_4_4,0.16025806967694559
2020-03-31,283_BIDWILLII_4_4,0.1717430156220234
2020-04-30,283_BIDWILLII_4_4,0.16248477998979133
2020-05-31,283_BIDWILLII_4_4,0.1519542160929873
2020-06-30,283_BIDWILLII_4_4,0.15008990815024315
2020-07-31,283_BIDWILLII_4_4,0.0
2020-08-31,283_BIDWILLII_4_4,0.14830084568186325
2020-09-30,283_BIDWILLII_4_4,0.1572897642965125
2020-10-31,283_BIDWILLII_4_4,0.0
2020-11-30,283_BIDWILLII_4_4,0.16460655650946407
2020-12-31,283_BIDWILLII_4_4,0.15788481645451713
2021-01-31,283_BIDWILLII_4_4,0.0
2021-02-28,283_BIDWILLII_4_4,0.1653490851444267
2021-03-31,283_BIDWILLII_4_4,0.0
2021-04-30,283_BIDWILLII_4_4,0.15480092097320863
2021-05-31,283_BIDWILLII_4_4,0.1571029850813123
2021-06-30,283_BIDWILLII_4_4,0.16043938410200814
2021-07-31,283_BIDWILLII_4_4,0.16174861440871421
2021-08-31,283_BIDWILLII_4_4,0.16293795894610336
2021-09-30,283_BIDWILLII_4_4,0.1162878059510158
2021-10-31,283_BIDWILLII_4_4,0.1614317004978816
2021-11-30,283_BIDWILLII_4_4,0.18767830558457313
2021-12-31,283_BIDWILLII_4_4,0.06856869600917198
2022-01-31,283_BIDWILLII_4_4,0.0
2022-02-28,283_BIDWILLII_4_4,0.1987618264862356
2022-03-31,283_BIDWILLII_4_4,0.0
2022-04-30,283_BIDWILLII_4_4,0.1743801569169887
2022-05-31,283_BIDWILLII_4_4,0.0
2022-06-30,283_BIDWILLII_4_4,0.0
2022-07-31,283_BIDWILLII_4_4,0.0
2022-08-31,283_BIDWILLII_4_4,0.0
2022-09-30,283_BIDWILLII_4_4,0.17286618986941865
2022-10-31,283_BIDWILLII_4_4,-0.004529944037449531
2022-11-30,283_BIDWILLII_4_4,0.1893206798137089
2022-12-31,283_BIDWILLII_4_4,0.12880727926712723
2023-01-31,283_BIDWILLII_4_4,0.0
2023-02-28,283_BIDWILLII_4_4,0.17776391137218336
2023-03-31,283_BIDWILLII_4_4,0.1764934976951162
2023-04-30,283_BIDWILLII_4_4,0.1667858808117299
2023-05-31,283_BIDWILLII_4_4,0.16131663509759214
2023-06-30,283_BIDWILLII_4_4,0.16267799241032985
2023-07-31,283_BIDWILLII_4_4,0.03216452490130853
2023-08-31,283_BIDWILLII_4_4,0.15703030248951705
2023-09-30,283_BIDWILLII_4_4,0.12605933668883082
2023-10-31,283_BIDWILLII_4_4,0.15930177881793958
2023-11-30,283_BIDWILLII_4_4,0.16160234333340484
2023-12-31,283_BIDWILLII_4_4,0.0
2024-01-31,283_BIDWILLII_4_4,0.0
2024-02-29,283_BIDWILLII_4_4,0.1809626520566982
2024-03-31,283_BIDWILLII_4_4,0.0
2024-04-30,283_BIDWILLII_4_4,0.0
2024-05-31,283_BIDWILLII_4_4,0.1688900753358003
2024-06-30,283_BIDWILLII_4_4,0.16857829919855513
2024-07-31,283_BIDWILLII_4_4,0.16739855905780518
2024-08-31,283_BIDWILLII_4_4,0.16850735288659507
2024-09-30,283_BIDWILLII_4_4,0.1609208898142568
2024-10-31,283_BIDWILLII_4_4,0.17005554597550146
2024-11-30,283_BIDWILLII_4_4,0.0
2024-12-31,283_BIDWILLII_4_4,0.0
2025-01-31,283_BIDWILLII_4_4,0.13540889374637716
2025-02-28,283_BIDWILLII_4_4,0.0
2025-03-31,283_BIDWILLII_4_4,0.12164526311579196
2025-04-30,283_BIDWILLII_4_4,0.14277096228078812
2025-05-31,283_BIDWILLII_4_4,0.1594630097740654
